id_track|id_artist|id_album|name_track|duration_track_ms|popularity_track|number_track|position_track|extract_datetime
0d28khcov6AiegSCpG5TuT|3AA28KZvwAUcZuOKwyblJQ|0bUTHlWbkSQysoM3VsWldT|Feel Good Inc.|222640|84|6|0|2024-07-16 08:36:40.543668
0q6LuUqGLUiCPP1cbdwFs3|3AA28KZvwAUcZuOKwyblJQ|2dIGnmEIy1WZIcZCFSj6i8|On Melancholy Hill|233866|78|10|1|2024-07-16 08:36:40.543668
1RKUoGiLEbcXN4GY4spQDx|3AA28KZvwAUcZuOKwyblJQ|4tUxQkrduOE8sfgwJ5BI2F|Clint Eastwood|340920|75|5|2|2024-07-16 08:36:40.543668
4Hff1IjRbLGeLgFgxvHflk|3AA28KZvwAUcZuOKwyblJQ|0bUTHlWbkSQysoM3VsWldT|DARE|244999|76|12|3|2024-07-16 08:36:40.543668
1foMv2HQwfQ2vntFf9HFeG|3AA28KZvwAUcZuOKwyblJQ|2dIGnmEIy1WZIcZCFSj6i8|Rhinestone Eyes|200173|75|4|4|2024-07-16 08:36:40.543668
3lIxtCaROdRDuTnNBDm3n2|3AA28KZvwAUcZuOKwyblJQ|0NvirtaDCaZU5PAW1O5FDE|She's My Collar (feat. Kali Uchis)|209560|73|17|5|2024-07-16 08:36:40.543668
2bfGNzdiRa1jXZRdfssSzR|3AA28KZvwAUcZuOKwyblJQ|0bUTHlWbkSQysoM3VsWldT|Dirty Harry|230426|70|5|6|2024-07-16 08:36:40.543668
60SvhHtwefT0e2G7i7kOH3|3AA28KZvwAUcZuOKwyblJQ|4wtZQMNTC1O79kDxMBsEan|New Gold (feat. Tame Impala and Bootie Brown)|215149|66|5|7|2024-07-16 08:36:40.543668
38UYeBLfvpnDSG9GznZdnL|3AA28KZvwAUcZuOKwyblJQ|4wtZQMNTC1O79kDxMBsEan|Tormenta (feat. Bad Bunny)|193463|67|8|8|2024-07-16 08:36:40.543668
71koAFCnGnugRdGIDfS7f4|3AA28KZvwAUcZuOKwyblJQ|4tUxQkrduOE8sfgwJ5BI2F|19-2000|210880|64|11|9|2024-07-16 08:36:40.543668
2dECspJ1DpUObXrC3IZDkT|5dCpFeKxLbycrnsjWZjha8|7w38Cw9DHCC4U7lwiuUwFl|April Showers|275751|47|1|0|2024-07-16 08:36:40.543668
1LcmkyzIx3MIv04NOyfK3g|5dCpFeKxLbycrnsjWZjha8|08BEST3gT8ELlY5fmeDjmT|March Winds & April Showers|163630|46|1|1|2024-07-16 08:36:40.543668
1s5fL7wU0lod3sRdkOUVdp|5dCpFeKxLbycrnsjWZjha8|7w38Cw9DHCC4U7lwiuUwFl|Faidherbe Square|207336|40|10|2|2024-07-16 08:36:40.543668
0CxDfm9gc9vJmIyE5NSQ42|5dCpFeKxLbycrnsjWZjha8|13FfqxyK3Z3Kdap7VJO9y2|The Precious Hours|168746|35|6|3|2024-07-16 08:36:40.543668
1hdSf4iPG5HFgAo5GYj5S9|5dCpFeKxLbycrnsjWZjha8|2LOInpXsmaJuaND5bRRE4J|Mayflowers - Remastered|233666|35|10|4|2024-07-16 08:36:40.543668
1OuxO28VYTtXcE0zGrTS8x|5dCpFeKxLbycrnsjWZjha8|6WplX32rUPI6pyOzKC6N7C|Moonswings|264612|37|4|5|2024-07-16 08:36:40.543668
04fE0HMXAY2tKi7dMnkluT|5dCpFeKxLbycrnsjWZjha8|56zc5Suk4wwLA6RVHokvZb|What Lana Says|279200|31|1|6|2024-07-16 08:36:40.543668
1gYYCCdV4ovf8T30TP7opP|5dCpFeKxLbycrnsjWZjha8|7l4MzWw89Us6buLOiDDtZf|Memories|169333|34|6|7|2024-07-16 08:36:40.543668
71R9p8YDgpOZOHixsNQs6u|5dCpFeKxLbycrnsjWZjha8|6WplX32rUPI6pyOzKC6N7C|Family values|169058|31|2|8|2024-07-16 08:36:40.543668
6doCaLf0seKxunasuLJPUZ|5dCpFeKxLbycrnsjWZjha8|7b4eracknj8lTRlgHISQvh|Throw it Back|179399|33|4|9|2024-07-16 08:36:40.543668
7CyPwkp0oE8Ro9Dd5CUDjW|1Xyo4u8uXC1ZmMpatF05PJ|7tzVd1fwkxsorytCBjEJkU|One Of The Girls (with JENNIE, Lily Rose Depp)|244684|91|1|0|2024-07-16 08:36:40.543668
7MXVkk9YMctZqd1Srtv4MB|1Xyo4u8uXC1ZmMpatF05PJ|2ODvWsOgouMbaA5xf0RkJe|Starboy|230453|88|1|1|2024-07-16 08:36:40.543668
0VjIjW4GlUZAMYd2vXMi3b|1Xyo4u8uXC1ZmMpatF05PJ|4yP0hdKOZPNshxUOjY0cZj|Blinding Lights|200040|88|9|2|2024-07-16 08:36:40.543668
2LBqCSwhJGcFQeTHMVGwy3|1Xyo4u8uXC1ZmMpatF05PJ|4AdZV63ycxFLF6Hcol0QnB|Die For You|260253|85|17|3|2024-07-16 08:36:40.543668
6WzRpISELf3YglGAh7TXcG|1Xyo4u8uXC1ZmMpatF05PJ|5O0zUvdnJr0RbWzLFneN2i|Popular (with Playboi Carti & Madonna) - From The Idol Vol. 1 (Music from the HBO Original Series)|215466|85|1|4|2024-07-16 08:36:40.543668
5gDWsRxpJ2lZAffh5p7K0w|1Xyo4u8uXC1ZmMpatF05PJ|4AdZV63ycxFLF6Hcol0QnB|Stargirl Interlude|111626|83|8|5|2024-07-16 08:36:40.543668
5QO79kh1waicV47BqGRL3g|1Xyo4u8uXC1ZmMpatF05PJ|4yP0hdKOZPNshxUOjY0cZj|Save Your Tears|215626|84|11|6|2024-07-16 08:36:40.543668
7fBv7CLKzipRk6EC6TWHOB|1Xyo4u8uXC1ZmMpatF05PJ|0P3oVJBFOv3TDXlYRhGL7s|The Hills|242253|84|5|7|2024-07-16 08:36:40.543668
2dHHgzDwk4BJdRwy9uXhTO|1Xyo4u8uXC1ZmMpatF05PJ|7txGsnDSqVMoRl6RQ9XyZP|Creepin' (with The Weeknd & 21 Savage)|221520|83|10|8|2024-07-16 08:36:40.543668
09mEdoA6zrmBPgTEN5qXmN|1Xyo4u8uXC1ZmMpatF05PJ|4qZBW3f2Q8y0k1A84d4iAO|Call Out My Name|228373|83|1|9|2024-07-16 08:36:40.543668
3CIyK1V4JEJkg02E4EJnDl|47mIJdHORyRerp4os813jD|6yiXkzHvC0OTmhfDQOEWtS|Enemy (with JID) - from the series Arcane League of Legends|173381|80|1|0|2024-07-16 08:36:40.543668
1FpVJ7HpZInE2GvhVE2TwT|47mIJdHORyRerp4os813jD|30gnisiaho0Y6KRWJ7gIaA|Legends Never Die|235000|74|1|1|2024-07-16 08:36:40.543668
210JJAa9nJOgNa0YNrsT5g|47mIJdHORyRerp4os813jD|0rAaP1OBxVCn2cIUZNjGRs|GODS|220878|74|1|2|2024-07-16 08:36:40.543668
5UlnuulVAVmmesw4VzqHdG|47mIJdHORyRerp4os813jD|2Y9Kal9IDz6JphsCfY6GzG|Enemy - From the series Arcane League of Legends|173381|70|1|3|2024-07-16 08:36:40.543668
69Sy7207dnixZ6w7RSV9Kb|47mIJdHORyRerp4os813jD|6sGWFXm5IKtTBMFdIhNB9C|RISE|192881|69|1|4|2024-07-16 08:36:40.543668
29WxJqIfDRMo9isV07kbJP|47mIJdHORyRerp4os813jD|1RPJNNRo1WUciegpWfioAc|PARANOIA|198817|68|1|5|2024-07-16 08:36:40.543668
3f4fc8c8unrQeKecmUPEDR|47mIJdHORyRerp4os813jD|0uyb1O2aodxewxYrAHzqIn|Warriors|204586|66|1|6|2024-07-16 08:36:40.543668
6zAiRKvAMlXHxEtyO4yxIO|47mIJdHORyRerp4os813jD|6IatiP8DCUD2ps9KvocWgA|Phoenix|197633|65|1|7|2024-07-16 08:36:40.543668
66YtIqT0kN4958EXnCnAmE|47mIJdHORyRerp4os813jD|2cRJKhNgs1Snq7bV4ELLho|Legends Never Die - (Remix)|167173|64|1|8|2024-07-16 08:36:40.543668
5f2zZawBtGBEw24ABweErz|47mIJdHORyRerp4os813jD|118EoTgIkMLl9fcutZfgaq|Playground (from the series Arcane League of Legends)|230525|60|1|9|2024-07-16 08:36:40.543668
66hayvUbTotekKU3H4ta1f|5he5w2lnU9x7JFhnwcekXX|6bfkwBrGYKJFk6Z4QVyjxd|Where Are Ü Now (with Justin Bieber)|250285|73|9|0|2024-07-16 08:36:40.543668
1q0PYXTbDsirp2l74ng6pn|5he5w2lnU9x7JFhnwcekXX|11GmvpYnbgK0rSryPaV5BP|In Da Getto|130666|67|4|1|2024-07-16 08:36:40.543668
74fmYjFwt9CqEFAh8ybeBD|5he5w2lnU9x7JFhnwcekXX|7tWP3OG5dWphctKg4NMACt|Rumble|146571|67|4|2|2024-07-16 08:36:40.543668
2sMzNgi3wblmxw8ez4GN9G|5he5w2lnU9x7JFhnwcekXX|6ZnRegEJuZRhLGrOKh0Y7n|Baby again..|319963|66|5|3|2024-07-16 08:36:40.543668
3Bp0XlRQv0URQMM6ABKhEE|5he5w2lnU9x7JFhnwcekXX|2X6WyzpxY70eUn3lnewB7d|VOLVER|185806|69|13|4|2024-07-16 08:36:40.543668
6VRhkROS2SZHGlp0pxndbJ|5he5w2lnU9x7JFhnwcekXX|5XJ2NeBxZP3HFM8VoBQEUe|Bangarang (feat. Sirah)|215253|68|2|5|2024-07-16 08:36:40.543668
6AbVJjzv7thIvmMCuhZrmK|5he5w2lnU9x7JFhnwcekXX|381oom8nio77eU6BuUb4UO|Make It Bun Dem|213696|64|1|6|2024-07-16 08:36:40.543668
6tifCCTIVBLC2TmTquYG7G|5he5w2lnU9x7JFhnwcekXX|2mxzA7momOeBvCyKDgZRIb|Fine Day Anthem|193690|68|1|7|2024-07-16 08:36:40.543668
29OFLlrrfKIEVwbVMTjBYe|5he5w2lnU9x7JFhnwcekXX|3GSEVlHrbrQbKSP4ozWzx8|Push|185244|68|1|8|2024-07-16 08:36:40.543668
65ES1qwOB577ZnTkizMXJJ|5he5w2lnU9x7JFhnwcekXX|1X4aaOIXvs6gWtQZQpln4V|HUMBLE. - SKRILLEX REMIX|156800|67|1|9|2024-07-16 08:36:40.543668
2Foc5Q5nqNiosCNqttzHof|4tZwfgrHOc3mvqYlEYSvVi|2ePFIvZKMe8zefATp9ofFA|Get Lucky (Radio Edit) [feat. Pharrell Williams and Nile Rodgers]|248413|80|1|0|2024-07-16 08:36:40.543668
0DiWol3AO6WpXZgp0goxAV|4tZwfgrHOc3mvqYlEYSvVi|2noRn2Aes5aoNVsU6iWThc|One More Time|320357|75|1|1|2024-07-16 08:36:40.543668
2cGxRwrMyEAp8dEbuZaVv6|4tZwfgrHOc3mvqYlEYSvVi|4m2880jivSbbyEGAKfITCa|Instant Crush (feat. Julian Casablancas)|337560|74|5|2|2024-07-16 08:36:40.543668
69kOkLUCkxIZYexIgSG8rq|4tZwfgrHOc3mvqYlEYSvVi|4m2880jivSbbyEGAKfITCa|Get Lucky (feat. Pharrell Williams and Nile Rodgers)|369626|73|8|3|2024-07-16 08:36:40.543668
1pKYYY0dkg23sQQXi0Q5zN|4tZwfgrHOc3mvqYlEYSvVi|5uRdvUR7xCnHmUW8n64n9y|Around the World|429533|71|7|4|2024-07-16 08:36:40.543668
5W3cjX2J3tjhG8zb6u0qHn|4tZwfgrHOc3mvqYlEYSvVi|2noRn2Aes5aoNVsU6iWThc|Harder, Better, Faster, Stronger|224693|69|4|5|2024-07-16 08:36:40.543668
2LD2gT7gwAurzdQDQtILds|4tZwfgrHOc3mvqYlEYSvVi|2noRn2Aes5aoNVsU6iWThc|Veridis Quo|345186|68|11|6|2024-07-16 08:36:40.543668
1NeLwFETswx8Fzxl2AFl91|4tZwfgrHOc3mvqYlEYSvVi|2noRn2Aes5aoNVsU6iWThc|Something About Us|232666|68|9|7|2024-07-16 08:36:40.543668
5CMjjywI0eZMixPeqNd75R|4tZwfgrHOc3mvqYlEYSvVi|4m2880jivSbbyEGAKfITCa|Lose Yourself to Dance (feat. Pharrell Williams)|353893|67|6|8|2024-07-16 08:36:40.543668
2VEZx7NWsZ1D0eJ4uv5Fym|4tZwfgrHOc3mvqYlEYSvVi|2noRn2Aes5aoNVsU6iWThc|Digital Love|301373|64|3|9|2024-07-16 08:36:40.543668
4CeeEOM32jQcH3eN9Q2dGj|6olE6TJLqED3rqDCT0FyPh|2UJcKiJxNryhL050F5Z1Fk|Smells Like Teen Spirit|301920|81|1|0|2024-07-16 08:36:40.543668
2RsAajgo0g7bMCHxwH3Sk0|6olE6TJLqED3rqDCT0FyPh|2UJcKiJxNryhL050F5Z1Fk|Come As You Are|218920|78|3|1|2024-07-16 08:36:40.543668
2SHTKB8YYlawTGIuJ2b2ok|6olE6TJLqED3rqDCT0FyPh|1KVGLuPtrMrLlyy4Je6df7|About A Girl|168428|79|3|2|2024-07-16 08:36:40.543668
11LmqTE2naFULdEP94AUBa|6olE6TJLqED3rqDCT0FyPh|6ohX7moZZnF1FwYrli1OJ6|Heart-Shaped Box|281160|78|3|3|2024-07-16 08:36:40.543668
5vHLwhxxlGzmClMcxRRFPr|6olE6TJLqED3rqDCT0FyPh|2UJcKiJxNryhL050F5Z1Fk|Lithium|257053|71|5|4|2024-07-16 08:36:40.543668
5gRcv46AMTrosmTOqrOV3Q|6olE6TJLqED3rqDCT0FyPh|7wOOA7l306K8HfBKfPoafr|Dumb|151893|75|6|5|2024-07-16 08:36:40.543668
4gHnSNHs8RyVukKoWdS99f|6olE6TJLqED3rqDCT0FyPh|2UJcKiJxNryhL050F5Z1Fk|Something In The Way|232146|70|12|6|2024-07-16 08:36:40.543668
15VRO9CQwMpbqUYA7e6Hwg|6olE6TJLqED3rqDCT0FyPh|1To7kv722A8SpZF789MZy7|The Man Who Sold The World - Live|261093|74|4|7|2024-07-16 08:36:40.543668
2mvffzYUJ9Ld9xhsF5DUjU|6olE6TJLqED3rqDCT0FyPh|2UJcKiJxNryhL050F5Z1Fk|In Bloom|255080|67|2|8|2024-07-16 08:36:40.543668
1Ic9pKxGSJGM0LKeqf6lGe|6olE6TJLqED3rqDCT0FyPh|7wOOA7l306K8HfBKfPoafr|All Apologies|233173|72|12|9|2024-07-16 08:36:40.543668
0JWSMYurMhPmlD5H8VRoTn|1LFGVkNRmXz8jIkyPjaGNL|4QLYrQJNjyLWOZmXtmGxUO|If You Had My Love|174210|62|1|0|2024-07-16 08:36:40.543668
0nS2xf6yooLnSAthClLCDi|1LFGVkNRmXz8jIkyPjaGNL|0sKp7yEXsbLKD7DOTpQXl9|If You Had My Love (Kav Verhouzer Remix)|158536|60|1|1|2024-07-16 08:36:40.543668
3Zg6kO3S4FQ0jMfTIgHzyl|1LFGVkNRmXz8jIkyPjaGNL|0u8v6tjFwtiVkbt0MwqfrN|Oxas|301174|52|1|2|2024-07-16 08:36:40.543668
4kdjHU5lzooUP7kkzQqX0Q|1LFGVkNRmXz8jIkyPjaGNL|1ZA146RN2Cu9HCpDk8PpQK|Zonnestraal|256990|49|1|3|2024-07-16 08:36:40.543668
1RMXNaUZ8AdmANVYyNjNum|1LFGVkNRmXz8jIkyPjaGNL|3HeWtnBjK3stbLHFGsAjNe|Klanga - De Hofnar Remix|264293|47|2|4|2024-07-16 08:36:40.543668
10Tib1bjjzJwUXeG09B9l9|1LFGVkNRmXz8jIkyPjaGNL|0I9m4hIeWxluXgaD5H0SKZ|Back In The Day|172000|45|1|5|2024-07-16 08:36:40.543668
4k4RbWcpfIKex1bSVXcWzR|1LFGVkNRmXz8jIkyPjaGNL|1ZA146RN2Cu9HCpDk8PpQK|Zonnestraal - MÖWE Remix|330240|41|3|6|2024-07-16 08:36:40.543668
4lErGIFI6KcwUspQosocg4|1LFGVkNRmXz8jIkyPjaGNL|3lV7oEWvHpz2XaBIhdP3g6|Back In The Day|340770|37|6|7|2024-07-16 08:36:40.543668
5CeTuypSIJIOq0nUs4uhBh|1LFGVkNRmXz8jIkyPjaGNL|1ZA146RN2Cu9HCpDk8PpQK|Vogelvlucht|401008|39|2|8|2024-07-16 08:36:40.543668
6zRSdiczvzjReQX91r8alk|1LFGVkNRmXz8jIkyPjaGNL|17CMB9dTBWrXFhlmIhmZr2|Mamacita|137333|39|1|9|2024-07-16 08:36:40.543668
3ZVFcD8Wlw9T9klGqmJf9F|1moxjboGR7GNWYIMWsRjgG|1Mo4aZ8pdj6L1jx8zSwJnt|Florida!!! (feat. Florence + The Machine)|215463|77|8|0|2024-07-16 08:36:40.543668
456WNXWhDwYOSf5SpTuqxd|1moxjboGR7GNWYIMWsRjgG|1rLLyY5p6HXNl2lKzINWp5|Dog Days Are Over|252818|79|1|1|2024-07-16 08:36:40.543668
244AvzGQ4Ksa5637JQu5Gy|1moxjboGR7GNWYIMWsRjgG|1rLLyY5p6HXNl2lKzINWp5|You've Got The Love|168666|74|13|2|2024-07-16 08:36:40.543668
57yeWyaoeTt26p0dlEZukQ|1moxjboGR7GNWYIMWsRjgG|3JODIzr9NLL7CMojdUR70g|Spectrum (Say My Name) - Calvin Harris Remix|218190|70|13|3|2024-07-16 08:36:40.543668
71iSmEeF0qRVyULABxP75P|1moxjboGR7GNWYIMWsRjgG|19J2iqK89BCrNG4El2FRi5|Shake It Out|277600|67|2|4|2024-07-16 08:36:40.543668
3HNTLCpAGnizbyJmk7466r|1moxjboGR7GNWYIMWsRjgG|19J2iqK89BCrNG4El2FRi5|Never Let Me Go|270973|66|4|5|2024-07-16 08:36:40.543668
0UqDHyajhOTknbgj1IjuNM|1moxjboGR7GNWYIMWsRjgG|1rLLyY5p6HXNl2lKzINWp5|Girl With One Eye|218613|64|6|6|2024-07-16 08:36:40.543668
1myEOhXztRxUVfaAEQiKkU|1moxjboGR7GNWYIMWsRjgG|1rLLyY5p6HXNl2lKzINWp5|Cosmic Love|255906|62|9|7|2024-07-16 08:36:40.543668
3dEFa9KjOLEZl980ctEEv1|1moxjboGR7GNWYIMWsRjgG|2jn2n5OkuHliOLKCqHnjXV|Ship To Wreck|234526|61|1|8|2024-07-16 08:36:40.543668
7H7SHw3YWXhb4zYqyoPNa1|1moxjboGR7GNWYIMWsRjgG|4ohh1zQ4yybSK9FS7LLyDE|Free|234857|63|2|9|2024-07-16 08:36:40.543668
2tudvzsrR56uom6smgOcSf|0iEtIxbK0KxaSlF7G42ZOp|4iqbFIdGOTzXeDtt9owjQn|Like That|267706|90|6|0|2024-07-16 08:36:40.543668
28drn6tQo95MRvO0jQEo5C|0iEtIxbK0KxaSlF7G42ZOp|4iqbFIdGOTzXeDtt9owjQn|Type Shit|228266|87|4|1|2024-07-16 08:36:40.543668
7sO5G9EABYOXQKNPNiE9NR|0iEtIxbK0KxaSlF7G42ZOp|0MV1yCXcNNQBfwApqAVkH0|Ric Flair Drip (with Metro Boomin)|172800|84|3|2|2024-07-16 08:36:40.543668
2Hh3ETdQKrmSI3QS0hme7g|0iEtIxbK0KxaSlF7G42ZOp|7txGsnDSqVMoRl6RQ9XyZP|Too Many Nights (feat. Don Toliver & with Future)|199920|84|3|3|2024-07-16 08:36:40.543668
2dHHgzDwk4BJdRwy9uXhTO|0iEtIxbK0KxaSlF7G42ZOp|7txGsnDSqVMoRl6RQ9XyZP|Creepin' (with The Weeknd & 21 Savage)|221520|83|10|4|2024-07-16 08:36:40.543668
6pcywuOeGGWeOQzdUyti6k|0iEtIxbK0KxaSlF7G42ZOp|6wTyGUWGCilBFZ837k5aRi|Glock In My Lap|193591|82|3|5|2024-07-16 08:36:40.543668
5wG3HvLhF6Y5KTGlK0IW3J|0iEtIxbK0KxaSlF7G42ZOp|7txGsnDSqVMoRl6RQ9XyZP|Trance (with Travis Scott & Young Thug)|194786|82|6|6|2024-07-16 08:36:40.543668
0vjeOZ3Ft5jvAi9SBFJm1j|0iEtIxbK0KxaSlF7G42ZOp|7txGsnDSqVMoRl6RQ9XyZP|Superhero (Heroes & Villains) [with Future & Chris Brown]|182666|82|2|7|2024-07-16 08:36:40.543668
0hKtu53OlIFXVuYkZwcn3o|0iEtIxbK0KxaSlF7G42ZOp|4iqbFIdGOTzXeDtt9owjQn|Cinderella|169840|82|9|8|2024-07-16 08:36:40.543668
5SWnsxjhdcEDc7LJjq9UHk|0iEtIxbK0KxaSlF7G42ZOp|6wTyGUWGCilBFZ837k5aRi|Runnin|195906|81|2|9|2024-07-16 08:36:40.543668
35LdDKNMwvKftENaj1WIwF|13JJKrUewC1CJYmIDXQNoH|4X6PQwYWxtGGtKjAfX6wa6|Enamorado tuyo|259680|72|7|0|2024-07-16 08:36:40.543668
7xB3hSztVbX6xFvQqEGKud|13JJKrUewC1CJYmIDXQNoH|4X6PQwYWxtGGtKjAfX6wa6|Lo malo de ser bueno|242120|66|6|1|2024-07-16 08:36:40.543668
1ozuMsJLTvFIMvlW7AWq95|13JJKrUewC1CJYmIDXQNoH|6evTdl2CjuBbkiCaXOKUKW|Ya No Sé Que Hacer Conmigo|241501|64|6|2|2024-07-16 08:36:40.543668
6lSypaQOcC6JtzfwpINLGW|13JJKrUewC1CJYmIDXQNoH|4Ay02WMMtEKaySj1mtPTga|El hijo de Hernández|239293|64|3|3|2024-07-16 08:36:40.543668
3tUk2PzTp8KCIU4cxstJq1|13JJKrUewC1CJYmIDXQNoH|6evTdl2CjuBbkiCaXOKUKW|Yendo a la Casa de Damián|254106|63|4|4|2024-07-16 08:36:40.543668
5GzToRpMxX7x8dUhWWUffH|13JJKrUewC1CJYmIDXQNoH|4X6PQwYWxtGGtKjAfX6wa6|Algo mejor que hacer|201133|62|1|5|2024-07-16 08:36:40.543668
2a7UjwEFKZcmwxglvwpBb3|13JJKrUewC1CJYmIDXQNoH|6evTdl2CjuBbkiCaXOKUKW|Invierno del 92|240551|61|8|6|2024-07-16 08:36:40.543668
1kEoU9Dmivr2JoOf7ramyT|13JJKrUewC1CJYmIDXQNoH|1ffZ5xExmmOr15QQzYrXyf|No llora|259839|59|3|7|2024-07-16 08:36:40.543668
6Vk5QUhQ0v5OjYQIYvL5VL|13JJKrUewC1CJYmIDXQNoH|1ffZ5xExmmOr15QQzYrXyf|Cómo pasa el tiempo|260866|59|1|8|2024-07-16 08:36:40.543668
5gQ1pzVyvuA11EVxMX5yYE|13JJKrUewC1CJYmIDXQNoH|6evTdl2CjuBbkiCaXOKUKW|Así Soy Yo|225510|58|3|9|2024-07-16 08:36:40.543668
46lFttIf5hnUZMGvjK0Wxo|4sTQVOfp9vEMCemLw50sbu|4QcXq4vTVN7dFb7bZa9jG2|Runaway (U & I)|227073|76|4|0|2024-07-16 08:36:40.543668
6M6Tk58pQvABy6ru66dY3d|4sTQVOfp9vEMCemLw50sbu|7DNmxxEuJe19wNVrinaXx4|No Money|191293|71|12|1|2024-07-16 08:36:40.543668
1uXcsl79LVRf13rGxvaqpk|4sTQVOfp9vEMCemLw50sbu|5vegvIWwKcdSc8gYfirlgx|Lighter|172268|61|12|2|2024-07-16 08:36:40.543668
4WKOsXGqZiG5ihoL5z2Ioa|4sTQVOfp9vEMCemLw50sbu|5vegvIWwKcdSc8gYfirlgx|Heartbreak Anthem|183725|59|14|3|2024-07-16 08:36:40.543668
5JqTe36RFGJ1wdYBma0cZ7|4sTQVOfp9vEMCemLw50sbu|2pgyKAkm9xy1CtxjLusURR|Mountains|178619|67|1|4|2024-07-16 08:36:40.543668
3aIhJDHxr1kgTSnutJxPTH|4sTQVOfp9vEMCemLw50sbu|4QcXq4vTVN7dFb7bZa9jG2|Peanut Butter Jelly|203133|64|9|5|2024-07-16 08:36:40.543668
0svMffDGjaAgtQHL0Pn8DA|4sTQVOfp9vEMCemLw50sbu|4wehh0Iq3Z3CBvll9mRHuc|Pretty Low|172655|54|1|6|2024-07-16 08:36:40.543668
1kaJ2dEM1jeXQaH7uDdyoD|4sTQVOfp9vEMCemLw50sbu|3sG8tSb0NOMsn2nmf8v9KA|Run (with Galantis)|190093|53|3|7|2024-07-16 08:36:40.543668
53Ji6ZvVjsBl4pIuiETfhN|4sTQVOfp9vEMCemLw50sbu|3N6fadaHlhGxflLKYSDSoU|Bones (feat. OneRepublic)|205792|51|14|8|2024-07-16 08:36:40.543668
3bvjsHQd792zIO4SKFxXKs|4sTQVOfp9vEMCemLw50sbu|7DNmxxEuJe19wNVrinaXx4|Love on Me|205026|51|10|9|2024-07-16 08:36:40.543668
1CDQzbCz4KSQxHe7LMEgRM|7dGJo4pcD2V6oG8kP0tJRR|3kjHLu1pL7tdY88GFwEkl6|Houdini|227032|75|11|0|2024-07-16 08:36:40.543668
7lQ8MOhq6IN2w8EYcFNSUk|7dGJo4pcD2V6oG8kP0tJRR|2cWBwpqMsDJC1ZUwz813lo|Without Me|290320|88|10|1|2024-07-16 08:36:40.543668
561jH07mF1jHuk7KlaeF0s|7dGJo4pcD2V6oG8kP0tJRR|1kTlYbs28MXw7hwO0NLYif|Mockingbird|250760|86|16|2|2024-07-16 08:36:40.543668
3yfqSUWxFvZELEM4PmlwIR|7dGJo4pcD2V6oG8kP0tJRR|6t7956yu5zYf5A829XRiHC|The Real Slim Shady|284200|85|8|3|2024-07-16 08:36:40.543668
5Z01UMMf7V1o0MzF86s6WJ|7dGJo4pcD2V6oG8kP0tJRR|5qENHeCSlwWpEzb25peRmQ|Lose Yourself|326466|77|6|4|2024-07-16 08:36:40.543668
1ymWIr4E5x6xORlDO0bXlP|7dGJo4pcD2V6oG8kP0tJRR|3kjHLu1pL7tdY88GFwEkl6|Tobey (feat. Big Sean and BabyTron)|284903|74|17|5|2024-07-16 08:36:40.543668
15JINEqzVMv3SvJTAXAKED|7dGJo4pcD2V6oG8kP0tJRR|47BiFcV59TQi2s9SkBo2pb|Love The Way You Lie|263373|84|15|6|2024-07-16 08:36:40.543668
4xkOaSrkexMciUUogZKVTS|7dGJo4pcD2V6oG8kP0tJRR|2cWBwpqMsDJC1ZUwz813lo|Till I Collapse|297786|83|18|7|2024-07-16 08:36:40.543668
7FIWs0pqAYbP91WWM0vlTQ|7dGJo4pcD2V6oG8kP0tJRR|4otkd9As6YaxxEkIjXPiZ6|Godzilla (feat. Juice WRLD)|210800|82|7|8|2024-07-16 08:36:40.543668
4woTEX1wYOTGDqNXuavlRC|7dGJo4pcD2V6oG8kP0tJRR|2cWBwpqMsDJC1ZUwz813lo|Superman|350320|82|13|9|2024-07-16 08:36:40.543668
3QSjVPObHxuAJc3E5nrjRn|4gOc8TsQed9eqnqJct2c5v|26IdRjba8f8DNa7c0FwfQb|VILLAIN|199125|69|3|0|2024-07-16 08:36:40.543668
5sbooPcNgIE22DwO0VNGUJ|4gOc8TsQed9eqnqJct2c5v|0UnBZ8laFgLUq5Ty5vbikQ|POP/STARS|191100|68|1|1|2024-07-16 08:36:40.543668
6juLaduD4STCUDWT0AYun4|4gOc8TsQed9eqnqJct2c5v|23yd1cYlPgl643vE8bb0WD|MORE|217088|65|1|2|2024-07-16 08:36:40.543668
2V4Fx72svQRxrFvNT1eq5f|4gOc8TsQed9eqnqJct2c5v|7C8nskYbHG7N0LDrNVvt7x|THE BADDEST|162600|63|1|3|2024-07-16 08:36:40.543668
2JV5OBqTMW1F6PYOGZJatP|4gOc8TsQed9eqnqJct2c5v|26IdRjba8f8DNa7c0FwfQb|DRUM GO DUM|200914|60|4|4|2024-07-16 08:36:40.543668
6LDIVpVNBRy7LCw7jIdci6|4gOc8TsQed9eqnqJct2c5v|26IdRjba8f8DNa7c0FwfQb|I'LL SHOW YOU|198611|55|5|5|2024-07-16 08:36:40.543668
6mlGXuG5FmzcePHsMn6rIA|6urkHDoIVO1WO8vNIwcJmM|3FJydX4zwGGNIwlcPlxrYt|Baby's On Fire|236840|63|9|0|2024-07-16 08:36:40.543668
2wdTyQevxBPHraGsFGiyjx|6urkHDoIVO1WO8vNIwcJmM|3FJydX4zwGGNIwlcPlxrYt|I Fink U Freeky|280920|59|2|1|2024-07-16 08:36:40.543668
6vcgMBMmbpQVj59wyLkvC7|6urkHDoIVO1WO8vNIwcJmM|4FrKhXf6FmfUjTy2fPcmiI|Banana Brain|288738|58|3|2|2024-07-16 08:36:40.543668
3bd1f4vkL6NMwL4BRV31wA|6urkHDoIVO1WO8vNIwcJmM|5eqhQF3HIVdgwfotwNPMFK|Ugly Boy|213607|57|2|3|2024-07-16 08:36:40.543668
3hVcgm3x10wiVkJdd4MavF|6urkHDoIVO1WO8vNIwcJmM|5eqhQF3HIVdgwfotwNPMFK|Cookie Thumper!|200225|55|7|4|2024-07-16 08:36:40.543668
7vLHDdIIO862CZeRSx62mp|6urkHDoIVO1WO8vNIwcJmM|7Ja0MmZhnVdFjs5QOPj1lj|Enter The Ninja|307813|53|2|5|2024-07-16 08:36:40.543668
79zdJUpZ5R7ES6lDxPgwEZ|6urkHDoIVO1WO8vNIwcJmM|3FJydX4zwGGNIwlcPlxrYt|Fatty Boom Boom|225986|52|5|6|2024-07-16 08:36:40.543668
4Zl4u5XQLxs9FQCSR040eJ|6urkHDoIVO1WO8vNIwcJmM|5eqhQF3HIVdgwfotwNPMFK|Pitbull Terrier|220336|51|9|7|2024-07-16 08:36:40.543668
05zidOBENlUtzKTXsVF2ss|6urkHDoIVO1WO8vNIwcJmM|4FrKhXf6FmfUjTy2fPcmiI|Daddy|239363|47|2|8|2024-07-16 08:36:40.543668
2RAvmiVpBDQBDfPXidISY7|6urkHDoIVO1WO8vNIwcJmM|6jMHFzRjVcaexaOeSghOhk|Everything is Perfect|286628|47|1|9|2024-07-16 08:36:40.543668
48UPSzbZjgc449aqz8bxox|0L8ExT028jH3ddEcZwqJJ5|2Y9IRtehByVkegoD7TcLfi|Californication|329733|84|6|0|2024-07-16 08:36:40.543668
3ZOEytgrvLwQaqXreDs2Jx|0L8ExT028jH3ddEcZwqJJ5|6deiaArbeoqp1xPEGdEKp1|Can't Stop|269000|84|7|1|2024-07-16 08:36:40.543668
3d9DChrdc6BOeFsbrZ3Is0|0L8ExT028jH3ddEcZwqJJ5|30Perjew8HyGkdSmqguYyg|Under the Bridge|264306|83|11|2|2024-07-16 08:36:40.543668
1G391cbiT3v3Cywg8T7DM1|0L8ExT028jH3ddEcZwqJJ5|2Y9IRtehByVkegoD7TcLfi|Scar Tissue|215906|83|3|3|2024-07-16 08:36:40.543668
64BbK9SFKH2jk86U3dGj2P|0L8ExT028jH3ddEcZwqJJ5|2Y9IRtehByVkegoD7TcLfi|Otherside|255373|81|4|4|2024-07-16 08:36:40.543668
10Nmj3JCNoMeBQ87uw5j8k|0L8ExT028jH3ddEcZwqJJ5|7xl50xr9NDkd3i2kBbzsNZ|Dani California|282160|80|1|5|2024-07-16 08:36:40.543668
2aibwv5hGXSgw7Yru8IYTO|0L8ExT028jH3ddEcZwqJJ5|7xl50xr9NDkd3i2kBbzsNZ|Snow (Hey Oh)|334666|79|2|6|2024-07-16 08:36:40.543668
1f2V8U1BiWaC9aJWmpOARe|0L8ExT028jH3ddEcZwqJJ5|6deiaArbeoqp1xPEGdEKp1|By the Way|216933|76|1|7|2024-07-16 08:36:40.543668
0uppYCG86ajpV2hSR3dJJ0|0L8ExT028jH3ddEcZwqJJ5|30Perjew8HyGkdSmqguYyg|Give It Away|282906|73|9|8|2024-07-16 08:36:40.543668
2oaK4JLVnmRGIO9ytBE1bt|0L8ExT028jH3ddEcZwqJJ5|43otFXrY0bgaq5fB3GrZj6|Dark Necessities|302000|71|2|9|2024-07-16 08:36:40.543668
1Rpj9CZE7cGSXUCfiBf0eA|6aJRwrwfOffz7RMh2Cfm8e|5Y9i4ZFAG2GM7ugIM916dY|Ghosts|215050|55|1|0|2024-07-16 08:36:40.543668
4hFG8nbAwO2PATnq5fSJEw|6aJRwrwfOffz7RMh2Cfm8e|5w5Ass5RLtV56bCV6bmHvR|Rhythm of the Night|159384|45|1|1|2024-07-16 08:36:40.543668
6Sjl4KtCBxaJza3BTTXJE6|6aJRwrwfOffz7RMh2Cfm8e|2dxaM8v9ePtEClr7KiJl8z|Ghost Boy|207612|45|1|2|2024-07-16 08:36:40.543668
365hbjh0wlAIGOfRW5hdZc|6aJRwrwfOffz7RMh2Cfm8e|39jbeGXbsGq07O1ZOKPEWp|Blinding Lights|187775|42|1|3|2024-07-16 08:36:40.543668
1GQInBhND3v37Hn6hKbW2b|6aJRwrwfOffz7RMh2Cfm8e|3nc54wenXtG9aMuie1mCB1|Heartless|184812|42|1|4|2024-07-16 08:36:40.543668
5U8yCI4bgKk2qfGz2hJPU5|6aJRwrwfOffz7RMh2Cfm8e|4QbpOvQJ3vwtC7DUCOhxqe|Caffeine Rush|156084|40|1|5|2024-07-16 08:36:40.543668
5IR4eSVnuXPu8pJtQuzC5I|6aJRwrwfOffz7RMh2Cfm8e|4tyCsULyDybFPYAlQ02DvK|Flowers - RudeLies Remix|175238|37|1|6|2024-07-16 08:36:40.543668
6NWq3JOKCQ21Av7y2q5RFb|6aJRwrwfOffz7RMh2Cfm8e|6LIH8eD8t7ZGsEXD2RtCfP|Three Trees|185005|37|1|7|2024-07-16 08:36:40.543668
6aaVyAVhe4zB9KkdQo3eJ5|6aJRwrwfOffz7RMh2Cfm8e|1RwJkenlm4eN0SIYs71FT1|Fade Away (Deaf Kev Remix)|307211|35|1|8|2024-07-16 08:36:40.543668
40TkCcQx7xkWkfITzb4VRW|6aJRwrwfOffz7RMh2Cfm8e|5Nvm07HORQgpzvy5sNyUDp|Crossed the Line|183276|35|1|9|2024-07-16 08:36:40.543668
60a0Rd6pjrkxjPbaKzXjfq|6XyY86QOPPrYVGvF9ch6wz|6hPkbAV3ZXpGZBGUvL6jVM|In the End|216880|87|8|0|2024-07-16 08:36:40.543668
2nLtzopw4rPReszdYBJU6h|6XyY86QOPPrYVGvF9ch6wz|4Gfnly5CzMJQqkUFfoHaP3|Numb|187520|85|13|1|2024-07-16 08:36:40.543668
4Yf5bqU3NK4kNOypcrLYwU|6XyY86QOPPrYVGvF9ch6wz|4Gfnly5CzMJQqkUFfoHaP3|Faint|162106|81|7|2|2024-07-16 08:36:40.543668
3K4HG9evC7dg3N0R9cYqk4|6XyY86QOPPrYVGvF9ch6wz|6hPkbAV3ZXpGZBGUvL6jVM|One Step Closer|157333|80|2|3|2024-07-16 08:36:40.543668
0UFDKFqW2oGspYeYqo9wjA|6XyY86QOPPrYVGvF9ch6wz|2tlTBLz2w52rpGCLBGyGw6|Bleed It Out|164426|80|4|4|2024-07-16 08:36:40.543668
18lR4BzEs7e3qzc0KVkTpU|6XyY86QOPPrYVGvF9ch6wz|2tlTBLz2w52rpGCLBGyGw6|What I've Done|205226|80|6|5|2024-07-16 08:36:40.543668
5sNESr6pQfIhL3krM8CtZn|6XyY86QOPPrYVGvF9ch6wz|4lhyg7YGQagE8FT8cZBqyw|Numb / Encore|205733|78|1|6|2024-07-16 08:36:40.543668
1Vej0qeQ3ioKwpI6FUbRv1|6XyY86QOPPrYVGvF9ch6wz|6hPkbAV3ZXpGZBGUvL6jVM|Papercut|184866|78|1|7|2024-07-16 08:36:40.543668
3fjmSxt0PskST13CSdBUFx|6XyY86QOPPrYVGvF9ch6wz|0f7R0jf0pcTb6K6IVVPcMD|Somewhere I Belong|213933|75|3|8|2024-07-16 08:36:40.543668
57BrRMwf9LrcmuOsyGilwr|6XyY86QOPPrYVGvF9ch6wz|6hPkbAV3ZXpGZBGUvL6jVM|Crawling|208960|77|5|9|2024-07-16 08:36:40.543668
0NrObqc8nK1XcDNPJNBKRV|3wrFoI9EVjWg6m8xXeWr5t|7kHjcTey5ZAewZLWtuCqzK|UNDEFEATED|173105|68|1|0|2024-07-16 08:36:40.543668
2lz3zjQ5QCVXiyOzIk02vW|3wrFoI9EVjWg6m8xXeWr5t|4O7Fn6jEB5xN1HXjMALCHp|Die For You|212926|66|1|1|2024-07-16 08:36:40.543668
4bdzlt280luOgFi0ZlkTvR|3wrFoI9EVjWg6m8xXeWr5t|2CNm7QxoOSkqawLMnoepZB|Ticking Away|205270|65|1|2|2024-07-16 08:36:40.543668
3zIcvn5r3QGea6a4M36MQr|3wrFoI9EVjWg6m8xXeWr5t|6GLcfMMmFXrfk9ydAjeLop|>one - greater than one|130666|61|1|3|2024-07-16 08:36:40.543668
0MoTvVdhu4Ocm2Y7yphxPh|3wrFoI9EVjWg6m8xXeWr5t|0RKIC2QUL8WkDMWWQy3szr|2WORLDS|149333|60|1|4|2024-07-16 08:36:40.543668
02rlJHfeHfAe7ozTFnDbGi|3wrFoI9EVjWg6m8xXeWr5t|0Bogv4hsRXT5D2XZEjn7AC|Fire Again|206776|59|1|5|2024-07-16 08:36:40.543668
2pscAWkm3jAxcrpBwOtQmS|3wrFoI9EVjWg6m8xXeWr5t|3ENg6khFJ0dovkN3kz61KX|VISIONS|225142|55|1|6|2024-07-16 08:36:40.543668
66wSpvsxSBGBBnHax8VB9S|3wrFoI9EVjWg6m8xXeWr5t|0KcTPJHY7Icv9WYHXmcun1|Can′t Slow Me Down|138960|55|1|7|2024-07-16 08:36:40.543668
5JXWb7DqYJlXiFnJd9Vfgk|3wrFoI9EVjWg6m8xXeWr5t|4RH3HIiMz1Cq16Dw8SDHAy|RENEGADE|162797|53|1|8|2024-07-16 08:36:40.543668
77QKSu2wdtQE9ipgsPOOTI|3wrFoI9EVjWg6m8xXeWr5t|6LJxZqBmT4zPDvUch3AnoH|Villain (Take the Shot)|189368|52|1|9|2024-07-16 08:36:40.543668
5wqlRFdpJ1a4kMIBSWeCnN|7MqnCTCAX6SsIYYdJCQj9B|6U4ZmwVyOh7EAwIxXK2Ici|Voodoo People - Pendulum Mix|307813|60|1|0|2024-07-16 08:36:40.543668
4Y2glvLjQGOb4dXnwm1hQf|7MqnCTCAX6SsIYYdJCQj9B|3XtEGVx9uh7J46nBzEc1VS|Witchcraft|252786|60|12|1|2024-07-16 08:36:40.543668
0G7qyvqwjfMdHZn4RwiAdf|7MqnCTCAX6SsIYYdJCQj9B|5wHNla8BT8KcqMhAbvqoPU|Tarantula - Original Mix|331240|58|8|2|2024-07-16 08:36:40.543668
6tC2iHfUlzB2W4ntXXL2BH|7MqnCTCAX6SsIYYdJCQj9B|6eRDE48ttoLqN2VfkEpPOJ|Propane Nightmares|313346|57|3|3|2024-07-16 08:36:40.543668
0CjJJrpnQCpQMsT4nzezII|7MqnCTCAX6SsIYYdJCQj9B|4f9UGlRncIgchuFWcMhkef|Halo|167993|56|1|4|2024-07-16 08:36:40.543668
5ami95W9OOWQPwrBb5tud5|7MqnCTCAX6SsIYYdJCQj9B|3XtEGVx9uh7J46nBzEc1VS|Watercolour - Full Version; Single|304106|56|3|5|2024-07-16 08:36:40.543668
2lN6G35gsXkA3xzPYqmis5|7MqnCTCAX6SsIYYdJCQj9B|3XtEGVx9uh7J46nBzEc1VS|Self vs Self (feat. In Flames)|285706|54|13|6|2024-07-16 08:36:40.543668
1Thv8uCYzyOFC7PME9J936|7MqnCTCAX6SsIYYdJCQj9B|3XtEGVx9uh7J46nBzEc1VS|The Island, Pt. I (Dawn)|320173|54|8|7|2024-07-16 08:36:40.543668
6hzwfFKrTabeUsW5SWti17|7MqnCTCAX6SsIYYdJCQj9B|3XtEGVx9uh7J46nBzEc1VS|Crush|253706|52|5|8|2024-07-16 08:36:40.543668
16akrYX3LKYx7b9aPGDiMd|7MqnCTCAX6SsIYYdJCQj9B|7kbCCMwXxLWQYevRcGtR3U|Nothing For Free|182875|50|2|9|2024-07-16 08:36:40.543668
0QIYINh2AwmOmdu8CRYvlw|2DuJi13MWHjRHrqRUwk8vH|2KZKR8bLDZPUxOE6JhTh4X|Bonfire|272077|59|3|0|2024-07-16 08:36:40.543668
5qFL2uwfnGU8FccwLMgPNQ|2DuJi13MWHjRHrqRUwk8vH|2Ha5B3dapothPfMP9gWvQB|Internet Friends|301122|56|1|1|2024-07-16 08:36:40.543668
38JE3O2HocFNvtljgtlNKv|2DuJi13MWHjRHrqRUwk8vH|774xaOL4PAAtvHkyPWRikH|Antidote - Radio Edit|177249|48|1|2|2024-07-16 08:36:40.543668
0u2AIKDVafHwCFQ9LDnqxH|2DuJi13MWHjRHrqRUwk8vH|2KZKR8bLDZPUxOE6JhTh4X|Centipede|246770|50|2|3|2024-07-16 08:36:40.543668
1ltFgxgeQCd8z6BPRmcNxb|2DuJi13MWHjRHrqRUwk8vH|4nJ76bL34FuDPuFHafIJFm|Boss Mode|227280|43|3|4|2024-07-16 08:36:40.543668
6FDYzyjteGpimiBnO06ikI|2DuJi13MWHjRHrqRUwk8vH|4nJ76bL34FuDPuFHafIJFm|Give It Up|251173|42|7|5|2024-07-16 08:36:40.543668
4ce29VAx1D8f3HULOHHA3K|2DuJi13MWHjRHrqRUwk8vH|1YhwGzFBdDAR1OA9644LK9|LRAD|315140|45|2|6|2024-07-16 08:36:40.543668
6qpaTfe6rCl55xEPT4F7Hp|2DuJi13MWHjRHrqRUwk8vH|1YhwGzFBdDAR1OA9644LK9|Power Glove|261244|45|1|7|2024-07-16 08:36:40.543668
2ZeTpxUpIHDdrRZdD8Vlh9|2DuJi13MWHjRHrqRUwk8vH|2KZKR8bLDZPUxOE6JhTh4X|Rage Valley|299374|43|1|8|2024-07-16 08:36:40.543668
1BYQCnc6EVr7MMZaFcdrv9|2DuJi13MWHjRHrqRUwk8vH|774xaOL4PAAtvHkyPWRikH|Antidote - Swedish House Mafia Dub|374124|23|4|9|2024-07-16 08:36:40.543668
0LZy30mVmxqUpdQmaXKXBd|4q3ewBCX7sLwd24euuV69X|3sRyLQf04m9vm40JNRFiCl|ADIVINO|278644|89|1|0|2024-07-16 08:36:40.543668
7iQXYTyuG13aoeHxGG28Nh|4q3ewBCX7sLwd24euuV69X|4FftCsAcXXD1nFO9RFUNFO|PERRO NEGRO|162767|87|19|1|2024-07-16 08:36:40.543668
6Sq7ltF9Qa7SNFBsV5Cogx|4q3ewBCX7sLwd24euuV69X|3RQQmkQEvNCY4prGKE6oc5|Me Porto Bonito|178567|84|3|2|2024-07-16 08:36:40.543668
0fea68AdmYNygeTGI4RC18|4q3ewBCX7sLwd24euuV69X|6ylFfzx32ICw4L1A7YWNLN|LA CANCIÓN|242573|84|5|3|2024-07-16 08:36:40.543668
2yzshFeBIwH8tWIqHEFLeD|4q3ewBCX7sLwd24euuV69X|5i9lMMUZ1QZNsLEE3j50kT|un x100to|194563|79|2|4|2024-07-16 08:36:40.543668
3k3NWokhRRkEPhCzPmV8TW|4q3ewBCX7sLwd24euuV69X|3RQQmkQEvNCY4prGKE6oc5|Ojitos Lindos|258298|83|14|5|2024-07-16 08:36:40.543668
1IHWl5LamUGEuP4ozKQSXZ|4q3ewBCX7sLwd24euuV69X|3RQQmkQEvNCY4prGKE6oc5|Tití Me Preguntó|243716|82|4|6|2024-07-16 08:36:40.543668
4MzXwWMhyBbmu6hOcLVD49|4q3ewBCX7sLwd24euuV69X|2d9BCZeAAhiZWPpbX9aPCW|DÁKITI|205090|77|11|7|2024-07-16 08:36:40.543668
5Eax0qFko2dh7Rl2lYs3bx|4q3ewBCX7sLwd24euuV69X|3RQQmkQEvNCY4prGKE6oc5|Efecto|213061|82|10|8|2024-07-16 08:36:40.543668
6Xom58OOXk2SoU711L2IXO|4q3ewBCX7sLwd24euuV69X|3RQQmkQEvNCY4prGKE6oc5|Moscow Mule|245939|81|1|9|2024-07-16 08:36:40.543668
43PiEypaceH339CSNiggyj|2R21vXR83lH98kGeO99Y66|4Rx0nQkh5sR1O0Z8lBgig9|BBY BOO - REMIX|275862|83|1|0|2024-07-16 08:36:40.543668
1LiN0Z98FkR1t0m8KmLcAH|2R21vXR83lH98kGeO99Y66|464FQ8gr0oKlQ1a0TCK4Yj|Amanece|190004|81|1|1|2024-07-16 08:36:40.543668
6gMj2DzKR2PjrrbNSwcGFR|2R21vXR83lH98kGeO99Y66|6YpCug9vNZz4uvlmlU7cet|OA|235200|79|1|2|2024-07-16 08:36:40.543668
6ioloNq3bBHgoIJh3rC8BQ|2R21vXR83lH98kGeO99Y66|4WfHOJYS5nbp2bY4crOJUY|Razones|222727|74|1|3|2024-07-16 08:36:40.543668
0KkIkfsLEJbrcIhYsCL7L5|2R21vXR83lH98kGeO99Y66|7JtT7OyWM8BnIS5FXXPMKg|China|301714|68|22|4|2024-07-16 08:36:40.543668
06s3QtMJVXw1AJX3UfvZG1|2R21vXR83lH98kGeO99Y66|7JtT7OyWM8BnIS5FXXPMKg|Hasta Que Dios Diga|246000|76|5|5|2024-07-16 08:36:40.543668
0W2pF7zyj9dwZVK1RoUyjh|2R21vXR83lH98kGeO99Y66|1FyZ8Mho4TRJ9oR0IrE23P|WYA REMIX BLACK AND YELLOW (feat. iZaak & Pirlo)|390545|75|1|6|2024-07-16 08:36:40.543668
3j5zNcb0aSk7dx3W3mAKzw|2R21vXR83lH98kGeO99Y66|3nEa7WJXcruywRIZXu6qRE|Pa Ti Estoy|206103|75|9|7|2024-07-16 08:36:40.543668
3f5lA8nnc4YYF1qf78WpHw|2R21vXR83lH98kGeO99Y66|58NQUIHQRJnXyBUeGtG8KG|Ella Quiere Beber - Remix|219357|75|1|8|2024-07-16 08:36:40.543668
3jbT1Y5MoPwEIpZndDDwVq|2R21vXR83lH98kGeO99Y66|7nqA49hzXJWPH4cnM8nk6x|Adicto (with Anuel AA & Ozuna)|270740|74|1|9|2024-07-16 08:36:40.543668
10VVCjsMTbM39bPzygGSex|0M2HHtY3OOQzIZxrHkbJLT|2uZgEjcV233xNRmvqvQyup|Hydrogen|289523|48|3|0|2024-07-16 08:36:40.543668
58IDjL4DptNh76JOGnopu8|0M2HHtY3OOQzIZxrHkbJLT|3abxvJVn04QbKlIiL28YTa|Dust|302400|47|1|1|2024-07-16 08:36:40.543668
1EY8fm4hCzXtw2UfwpbGKW|0M2HHtY3OOQzIZxrHkbJLT|2uZgEjcV233xNRmvqvQyup|Crystals|289714|45|2|2|2024-07-16 08:36:40.543668
6E6kPD9vd3hinWlVJo52pU|0M2HHtY3OOQzIZxrHkbJLT|2uZgEjcV233xNRmvqvQyup|Paris|271200|44|1|3|2024-07-16 08:36:40.543668
1pS4GeY3cyRGb9Sy8qU1Sq|0M2HHtY3OOQzIZxrHkbJLT|3DiM1jUknWggjf70F5nZJr|Quixotic|345762|41|1|4|2024-07-16 08:36:40.543668
74sB9kSypUm2TsXCQTHOEB|0M2HHtY3OOQzIZxrHkbJLT|2uZgEjcV233xNRmvqvQyup|Release|362222|36|4|5|2024-07-16 08:36:40.543668
0SDKtp6AGtWa5BbmsXSoPY|0M2HHtY3OOQzIZxrHkbJLT|3abxvJVn04QbKlIiL28YTa|Delay|496462|31|4|6|2024-07-16 08:36:40.543668
5FD4xUsukyAqVe1GCf2POU|0M2HHtY3OOQzIZxrHkbJLT|0i7uCXTDefj9D30hF5MHZU|Medium Cool|233828|30|5|7|2024-07-16 08:36:40.543668
4cWdGmFIaxGGOiA1QJKlne|0M2HHtY3OOQzIZxrHkbJLT|3abxvJVn04QbKlIiL28YTa|Plus Four|477966|24|2|8|2024-07-16 08:36:40.543668
4bOKG1a1Ko5ceVAReE1esx|0M2HHtY3OOQzIZxrHkbJLT|3abxvJVn04QbKlIiL28YTa|Warehouse|224878|24|3|9|2024-07-16 08:36:40.543668
20cs27R6jbhMIWgvGOXaHT|1MP09zUMR59XDHNun4i351|1wA1XDWTspK5ihTP63Jhtk|Los Enfermos|289493|27|4|0|2024-07-16 08:36:40.543668
3SyPnySxv4oiMYE8n0e3Qp|1MP09zUMR59XDHNun4i351|1wA1XDWTspK5ihTP63Jhtk|La Mente|208426|24|2|1|2024-07-16 08:36:40.543668
5zUIpoOF30Agr8942QSpTI|1MP09zUMR59XDHNun4i351|67tdTYHgzWVwnGYwefTgN6|Concha Acústica|242133|24|2|2|2024-07-16 08:36:40.543668
2wZOlqZsq00tdAlsmyh4YK|1MP09zUMR59XDHNun4i351|3ubqsPkPXvWkNyrH6mTOkf|Gigantes de Arena|262066|22|3|3|2024-07-16 08:36:40.543668
4RUnu3cpw2h4LOaoYVQzIU|1MP09zUMR59XDHNun4i351|3ZIdUsYnaesyONxsEgLNX5|La Problema|294466|22|1|4|2024-07-16 08:36:40.543668
3jvESRXPQWYXzUzpejPFCV|1MP09zUMR59XDHNun4i351|3ZIdUsYnaesyONxsEgLNX5|El Indio de la Mente|286786|19|2|5|2024-07-16 08:36:40.543668
5I7cisJFEGnO5SS1zaqu8C|1MP09zUMR59XDHNun4i351|67tdTYHgzWVwnGYwefTgN6|La Palabra del Ciego|216146|19|1|6|2024-07-16 08:36:40.543668
5koKGXBq8hD52PRe9DcaHg|1MP09zUMR59XDHNun4i351|1wA1XDWTspK5ihTP63Jhtk|Quita y Pon|244640|17|10|7|2024-07-16 08:36:40.543668
2qdGAYjNvCSPwomOHaUyN1|1MP09zUMR59XDHNun4i351|1wA1XDWTspK5ihTP63Jhtk|Radio Funeral|182280|16|6|8|2024-07-16 08:36:40.543668
7ttblVwjhjXjkWcNqaAM0u|1MP09zUMR59XDHNun4i351|3ubqsPkPXvWkNyrH6mTOkf|Otro Tú|197066|16|1|9|2024-07-16 08:36:40.543668
0M955bMOoilikPXwKLYpoi|2xiIXseIJcq3nG7C8fHeBj|13topfW33NjnACjnRiZBX7|I Hate Everything About You|231480|76|3|0|2024-07-16 08:36:40.543668
56sk7jBpZV0CD31G9hEU3b|2xiIXseIJcq3nG7C8fHeBj|4ZDwEvXIKxWdwhAQK8ndBU|Animal I Have Become|231400|75|3|1|2024-07-16 08:36:40.543668
1Q2fYlSdwuutWj3QplhY9q|2xiIXseIJcq3nG7C8fHeBj|4ZDwEvXIKxWdwhAQK8ndBU|Riot|207586|68|6|2|2024-07-16 08:36:40.543668
3HE50TVRquwXe9yv2HFoNL|2xiIXseIJcq3nG7C8fHeBj|4ZDwEvXIKxWdwhAQK8ndBU|Never Too Late|209333|68|4|3|2024-07-16 08:36:40.543668
7piw04hPQZ1OHZ9Fq9JOXR|2xiIXseIJcq3nG7C8fHeBj|4ZDwEvXIKxWdwhAQK8ndBU|Time of Dying|186373|65|10|4|2024-07-16 08:36:40.543668
5PZ2cqh9Yem2g6cTSOLllz|2xiIXseIJcq3nG7C8fHeBj|4ZDwEvXIKxWdwhAQK8ndBU|Pain|202973|66|2|5|2024-07-16 08:36:40.543668
6OMO6WdRhSfjMPAiPT94wH|2xiIXseIJcq3nG7C8fHeBj|0YkHsU3Mblh7jvNngbV20W|Painkiller|179160|67|2|6|2024-07-16 08:36:40.543668
4urxRqBRiaH0i20OKBsgxc|2xiIXseIJcq3nG7C8fHeBj|0vv1zKShlm7WuawEup5Mf4|Break|193106|66|2|7|2024-07-16 08:36:40.543668
2UDumaw7osnyjH7RZ2DLpB|2xiIXseIJcq3nG7C8fHeBj|0YkHsU3Mblh7jvNngbV20W|I Am Machine|200146|66|6|8|2024-07-16 08:36:40.543668
0CA3RxBx2xSQXPfpmUBK1v|2xiIXseIJcq3nG7C8fHeBj|13topfW33NjnACjnRiZBX7|Just Like You|186893|65|2|9|2024-07-16 08:36:40.543668
28DIgd8y7VGMO5IhWIDE40|3FRWDHyo1pZx7AFN6DAavS|1lkFkREX3uG9aHhOsfeeu9|Pokemon Riot|246918|23|1|0|2024-07-16 08:36:40.543668
4fEDtXoh1hQgfLFdGPy9HS|3FRWDHyo1pZx7AFN6DAavS|4lftflW02EWpRU6g9d968c|Falling|280373|1|9|1|2024-07-16 08:36:40.543668
2EdisV3g6tcYVpTO9Ej5cW|3FRWDHyo1pZx7AFN6DAavS|3iL7sfGQeXOcNMNnHDrmTc|Fearless|253807|18|1|2|2024-07-16 08:36:40.543668
5tLDyfKdJZNuyobYcQQEWJ|3FRWDHyo1pZx7AFN6DAavS|3ZrVSx5gGx5LZ1cVRZ4gCq|Truecolor Alchemist|277529|18|1|3|2024-07-16 08:36:40.543668
3xb3B46kVvqrr8VzNI1PbG|3FRWDHyo1pZx7AFN6DAavS|4NSu11iL1R0Evb4pahFSrH|Vivant|255014|15|1|4|2024-07-16 08:36:40.543668
2U05EBTVlyg4YKFvtllgeG|3FRWDHyo1pZx7AFN6DAavS|0iHgFkfYe3VOxzg5euNQOT|Wubbles|255197|14|1|5|2024-07-16 08:36:40.543668
4F71YUa09KA0yscIlYXzQ9|3FRWDHyo1pZx7AFN6DAavS|7JSBmL115qaZvl0wvlz0Ww|Dance Machine|304673|13|1|6|2024-07-16 08:36:40.543668
3yYdWL8qOYxH8Wc40LpkSV|3FRWDHyo1pZx7AFN6DAavS|7mKBnGGZCRybUTZ5P9TIAn|Our Way|216572|10|1|7|2024-07-16 08:36:40.543668
3tJzBGJQ8LUg782tyiFOsj|3FRWDHyo1pZx7AFN6DAavS|07ibYrQalw96ZRAmqyatsY|Nice Shot!|234490|7|1|8|2024-07-16 08:36:40.543668
2jX8I2EDiGcl8rCRgReY8N|3FRWDHyo1pZx7AFN6DAavS|3Sr5Wo94nBXnsCKqiWhe5d|Sonder|222735|6|1|9|2024-07-16 08:36:40.543668
0KequwbudUZLFmYapbmiNt|2vpCOy0TgMvwkqciNZhKPB|7grtCFCNufBOiKZJuGDC6k|Yo Te Quiero Así|202187|22|1|0|2024-07-16 08:36:40.543668
2PbieBjAjngYO9ahtcKkth|2vpCOy0TgMvwkqciNZhKPB|7grtCFCNufBOiKZJuGDC6k|Te Han Dicho|192500|20|8|1|2024-07-16 08:36:40.543668
3fJzQWdglyPCa255xfTMI1|2vpCOy0TgMvwkqciNZhKPB|0RgJiRKctFFArVS8oGh1L7|La Nueva Ya Llego|234916|18|1|2|2024-07-16 08:36:40.543668
49vyLV4bTxQKdMULtgRU1V|2vpCOy0TgMvwkqciNZhKPB|69fMeM1F2eMqMkvjrWJyXU|Serpiente Dios|257187|18|1|3|2024-07-16 08:36:40.543668
60bXwkEoH07AhMaHGgtn7e|2vpCOy0TgMvwkqciNZhKPB|69fMeM1F2eMqMkvjrWJyXU|Yo No Sé|246689|16|5|4|2024-07-16 08:36:40.543668
2NfqOpPVaOEa3jOGTbb9Kf|2vpCOy0TgMvwkqciNZhKPB|0RgJiRKctFFArVS8oGh1L7|Cumbia Pa Decir|214604|15|3|5|2024-07-16 08:36:40.543668
3B6jzrps9ZMF3iKr0gGLkJ|2vpCOy0TgMvwkqciNZhKPB|7grtCFCNufBOiKZJuGDC6k|Masato en Pakistán|155562|15|7|6|2024-07-16 08:36:40.543668
0JqqsvL2ZHjjhiTnzuU26X|2vpCOy0TgMvwkqciNZhKPB|69fMeM1F2eMqMkvjrWJyXU|Camina Bonito|295261|14|10|7|2024-07-16 08:36:40.543668
1n16Fy1xjIHNS7yZEOHCxA|2vpCOy0TgMvwkqciNZhKPB|0RgJiRKctFFArVS8oGh1L7|Madrugador|213473|13|4|8|2024-07-16 08:36:40.543668
4TeEIZK1saIuXxDx2G5ml4|2vpCOy0TgMvwkqciNZhKPB|7grtCFCNufBOiKZJuGDC6k|A Ritmo de Caída|213555|13|6|9|2024-07-16 08:36:40.543668
0nrRP2bk19rLc0orkWPQk2|1vCWHaC5f2uS3yhpwWbIA6|2H6i2CrWgXE1HookLu8Au0|Wake Me Up|247426|85|1|0|2024-07-16 08:36:40.543668
0ct6r3EGTcMLPtrXHDvVjc|1vCWHaC5f2uS3yhpwWbIA6|0h2knr6qpiAq0tV5ri5JMF|The Nights|176658|84|2|1|2024-07-16 08:36:40.543668
2P4OICZRVAQcYAV2JReRfj|1vCWHaC5f2uS3yhpwWbIA6|7dqftJ3kas6D0VAdmt3k3V|Waiting For Love|230613|79|1|2|2024-07-16 08:36:40.543668
5UqCQaDshqbIk3pkhy4Pjg|1vCWHaC5f2uS3yhpwWbIA6|1OEGfToF7QbjUgyxMAnGXg|Levels - Radio Edit|199906|79|1|3|2024-07-16 08:36:40.543668
4lhqb6JvbHId48OUJGwymk|1vCWHaC5f2uS3yhpwWbIA6|2H6i2CrWgXE1HookLu8Au0|Hey Brother|255093|77|3|4|2024-07-16 08:36:40.543668
6Pgkp4qUoTmJIPn7ReaGxL|1vCWHaC5f2uS3yhpwWbIA6|1m3mf7xkXIwssVriaaTjOS|Without You (feat. Sandro Cavazza)|181672|77|4|5|2024-07-16 08:36:40.543668
4eDYMhIin1pSLIG96f1aD0|1vCWHaC5f2uS3yhpwWbIA6|2H6i2CrWgXE1HookLu8Au0|Addicted To You|148386|73|4|6|2024-07-16 08:36:40.543668
1sh6lL6cmlcwhqZKGiKBua|1vCWHaC5f2uS3yhpwWbIA6|0sOrbRnJcNod63r49kmGVb|I Could Be The One (Avicii Vs. Nicky Romero) - Radio Edit|208316|69|1|7|2024-07-16 08:36:40.543668
2x0RZdkZcD8QRI53XT4GI5|1vCWHaC5f2uS3yhpwWbIA6|6Ad1E9vl75ZB3Ir87zwXIJ|SOS (feat. Aloe Blacc)|157202|70|3|8|2024-07-16 08:36:40.543668
75NhhYjHO43mvZgYtnXgti|1vCWHaC5f2uS3yhpwWbIA6|1m3mf7xkXIwssVriaaTjOS|Lonely Together (feat. Rita Ora)|181812|69|2|9|2024-07-16 08:36:40.543668
4QNpBfC0zvjKqPJcyqBy9W|0TnOYISbd1XYRBk9myaseg|4rG0MhkU6UojACJxkMHIXB|Give Me Everything (feat. Nayer)|252306|86|2|0|2024-07-16 08:36:40.543668
3cHyrEgdyYRjgJKSOiOtcS|0TnOYISbd1XYRBk9myaseg|2F7tejLHzTqFq2XLol9ZGy|Timber|204160|84|13|1|2024-07-16 08:36:40.543668
2bJvI42r8EF3wxjOuDav4r|0TnOYISbd1XYRBk9myaseg|4EUf4YyNjuXypWY6W5wEDm|Time of Our Lives|229360|84|4|2|2024-07-16 08:36:40.543668
0Hf4aIJpsN4Os2f0y0VqWl|0TnOYISbd1XYRBk9myaseg|2F7tejLHzTqFq2XLol9ZGy|Feel This Moment (feat. Christina Aguilera)|229506|79|3|3|2024-07-16 08:36:40.543668
4Y7XAxTANhu3lmnLAzhWJW|0TnOYISbd1XYRBk9myaseg|4EUf4YyNjuXypWY6W5wEDm|Fireball (feat. John Ryan)|236200|78|3|4|2024-07-16 08:36:40.543668
62zFEHfAYl5kdHYOivj4BC|0TnOYISbd1XYRBk9myaseg|4rG0MhkU6UojACJxkMHIXB|International Love (feat. Chris Brown)|227280|77|8|5|2024-07-16 08:36:40.543668
0OPyDgTRuIdCJ9B4bYSths|0TnOYISbd1XYRBk9myaseg|4RaAjieYFIZRF8uh6GY43r|Hotel Room Service|237600|72|8|6|2024-07-16 08:36:40.543668
13plQdOoWSSXPRUSZc5FuM|0TnOYISbd1XYRBk9myaseg|4RaAjieYFIZRF8uh6GY43r|I Know You Want Me (Calle Ocho)|237120|71|3|7|2024-07-16 08:36:40.543668
3rfhI32Il2hVRKDkuGeeen|0TnOYISbd1XYRBk9myaseg|4rG0MhkU6UojACJxkMHIXB|Hey Baby (Drop It to the Floor) (feat. T-Pain)|234453|74|4|8|2024-07-16 08:36:40.543668
1PCvKFPWnTXAe2oaReVUcr|0TnOYISbd1XYRBk9myaseg|4EUf4YyNjuXypWY6W5wEDm|We Are One (Ole Ola) [The Official 2014 FIFA World Cup Song] (feat. Jennifer Lopez & Claudia Leitte)|222520|72|11|9|2024-07-16 08:36:40.543668
