id_album|id_artist|name_album|type_album|total_tracks_album|release_date_album|duration_ms_total_album|populariy_album|extract_datetime
0bUTHlWbkSQysoM3VsWldT|3AA28KZvwAUcZuOKwyblJQ|Demon Days|album|15|2005-05-23|3102755|80|2024-07-16 08:36:08.959088
2dIGnmEIy1WZIcZCFSj6i8|3AA28KZvwAUcZuOKwyblJQ|Plastic Beach|album|16|2010-03-03|3413486|76|2024-07-16 08:36:08.959088
4tUxQkrduOE8sfgwJ5BI2F|3AA28KZvwAUcZuOKwyblJQ|Gorillaz|album|17|2001-03-26|3880901|70|2024-07-16 08:36:08.959088
0NvirtaDCaZU5PAW1O5FDE|3AA28KZvwAUcZuOKwyblJQ|Humanz (Deluxe)|album|26|2017-04-28|4151469|70|2024-07-16 08:36:08.959088
4wtZQMNTC1O79kDxMBsEan|3AA28KZvwAUcZuOKwyblJQ|Cracker Island|album|10|2023-02-24|2249194|67|2024-07-16 08:36:08.959088
7w38Cw9DHCC4U7lwiuUwFl|5dCpFeKxLbycrnsjWZjha8|Curses From Past Times|single|10|2011-11-22|2636061|43|2024-07-16 08:36:08.959088
08BEST3gT8ELlY5fmeDjmT|5dCpFeKxLbycrnsjWZjha8|March Winds & April Showers|single|1|2020-07-21|163630|38|2024-07-16 08:36:08.959088
13FfqxyK3Z3Kdap7VJO9y2|5dCpFeKxLbycrnsjWZjha8|Bubbles|single|6|2018-07-02|1429944|31|2024-07-16 08:36:08.959088
2LOInpXsmaJuaND5bRRE4J|5dCpFeKxLbycrnsjWZjha8|Curses From Past Times (Remastered)|album|11|2011-11-20|2750568|30|2024-07-16 08:36:08.959088
6WplX32rUPI6pyOzKC6N7C|5dCpFeKxLbycrnsjWZjha8|Moonswings|single|6|2024-06-20|1377375|35|2024-07-16 08:36:08.959088
56zc5Suk4wwLA6RVHokvZb|5dCpFeKxLbycrnsjWZjha8|What Lana Says|single|1|2018-04-24|279200|23|2024-07-16 08:36:08.959088
7l4MzWw89Us6buLOiDDtZf|5dCpFeKxLbycrnsjWZjha8|Feeding the Lions|single|9|2013-04-12|1844207|32|2024-07-16 08:36:08.959088
7b4eracknj8lTRlgHISQvh|5dCpFeKxLbycrnsjWZjha8|Rookie|single|8|2014-12-21|1532260|31|2024-07-16 08:36:08.959088
7tzVd1fwkxsorytCBjEJkU|1Xyo4u8uXC1ZmMpatF05PJ|The Idol Episode 4 (Music from the HBO Original Series)|single|3|2023-06-23|640090|84|2024-07-16 08:36:08.959088
2ODvWsOgouMbaA5xf0RkJe|1Xyo4u8uXC1ZmMpatF05PJ|Starboy|album|18|2016-11-25|4116074|87|2024-07-16 08:36:08.959088
4yP0hdKOZPNshxUOjY0cZj|1Xyo4u8uXC1ZmMpatF05PJ|After Hours|album|14|2020-03-20|3377568|87|2024-07-16 08:36:08.959088
4AdZV63ycxFLF6Hcol0QnB|1Xyo4u8uXC1ZmMpatF05PJ|Starboy|album|18|2016-11-24|4116074|82|2024-07-16 08:36:08.959088
5O0zUvdnJr0RbWzLFneN2i|1Xyo4u8uXC1ZmMpatF05PJ|Popular (Music from the HBO Original Series)|single|1|2023-06-02|215466|77|2024-07-16 08:36:08.959088
0P3oVJBFOv3TDXlYRhGL7s|1Xyo4u8uXC1ZmMpatF05PJ|Beauty Behind The Madness|album|14|2015-08-28|3912796|84|2024-07-16 08:36:08.959088
7txGsnDSqVMoRl6RQ9XyZP|1Xyo4u8uXC1ZmMpatF05PJ|HEROES & VILLAINS|album|15|2022-12-02|2884996|88|2024-07-16 08:36:08.959088
4qZBW3f2Q8y0k1A84d4iAO|1Xyo4u8uXC1ZmMpatF05PJ|My Dear Melancholy,|album|7|2018-03-30|1536183|81|2024-07-16 08:36:08.959088
6yiXkzHvC0OTmhfDQOEWtS|47mIJdHORyRerp4os813jD|Mercury - Acts 1 & 2|album|32|2022-07-01|6179908|82|2024-07-16 08:36:08.959088
30gnisiaho0Y6KRWJ7gIaA|47mIJdHORyRerp4os813jD|Legends Never Die|single|1|2017-09-15|235000|66|2024-07-16 08:36:08.959088
0rAaP1OBxVCn2cIUZNjGRs|47mIJdHORyRerp4os813jD|GODS|single|1|2023-10-04|220878|66|2024-07-16 08:36:08.959088
2Y9Kal9IDz6JphsCfY6GzG|47mIJdHORyRerp4os813jD|Enemy (from the series Arcane League of Legends)|single|1|2021-10-27|173381|62|2024-07-16 08:36:08.959088
6sGWFXm5IKtTBMFdIhNB9C|47mIJdHORyRerp4os813jD|RISE|single|1|2018-09-28|192881|61|2024-07-16 08:36:08.959088
1RPJNNRo1WUciegpWfioAc|47mIJdHORyRerp4os813jD|PARANOIA|single|1|2023-10-23|198817|60|2024-07-16 08:36:08.959088
0uyb1O2aodxewxYrAHzqIn|47mIJdHORyRerp4os813jD|Warriors|single|1|2020-01-10|204586|58|2024-07-16 08:36:08.959088
6IatiP8DCUD2ps9KvocWgA|47mIJdHORyRerp4os813jD|Phoenix|single|1|2019-10-08|197633|57|2024-07-16 08:36:08.959088
2cRJKhNgs1Snq7bV4ELLho|47mIJdHORyRerp4os813jD|Legends Never Die (Remix)|single|1|2017-11-02|167173|56|2024-07-16 08:36:08.959088
118EoTgIkMLl9fcutZfgaq|47mIJdHORyRerp4os813jD|Playground (from the series Arcane League of Legends)|single|1|2021-11-05|230525|52|2024-07-16 08:36:08.959088
6bfkwBrGYKJFk6Z4QVyjxd|5he5w2lnU9x7JFhnwcekXX|Skrillex and Diplo present Jack Ü|album|10|2015-02-24|2125955|68|2024-07-16 08:36:08.959088
11GmvpYnbgK0rSryPaV5BP|5he5w2lnU9x7JFhnwcekXX|JOSE|album|24|2021-09-10|4770565|71|2024-07-16 08:36:08.959088
7tWP3OG5dWphctKg4NMACt|5he5w2lnU9x7JFhnwcekXX|Quest For Fire|album|15|2023-02-17|2709088|67|2024-07-16 08:36:08.959088
6ZnRegEJuZRhLGrOKh0Y7n|5he5w2lnU9x7JFhnwcekXX|USB|album|13|2024-04-09|3323192|74|2024-07-16 08:36:08.959088
2X6WyzpxY70eUn3lnewB7d|5he5w2lnU9x7JFhnwcekXX|DATA|album|20|2023-06-29|3810643|80|2024-07-16 08:36:08.959088
5XJ2NeBxZP3HFM8VoBQEUe|5he5w2lnU9x7JFhnwcekXX|Bangarang EP|single|8|2011-12-27|2225116|64|2024-07-16 08:36:08.959088
381oom8nio77eU6BuUb4UO|5he5w2lnU9x7JFhnwcekXX|Make It Bun Dem|single|1|2012-05-01|213696|56|2024-07-16 08:36:08.959088
2mxzA7momOeBvCyKDgZRIb|5he5w2lnU9x7JFhnwcekXX|Fine Day Anthem|single|1|2023-07-07|193690|60|2024-07-16 08:36:08.959088
3GSEVlHrbrQbKSP4ozWzx8|5he5w2lnU9x7JFhnwcekXX|Push|single|1|2024-05-24|185244|60|2024-07-16 08:36:08.959088
1X4aaOIXvs6gWtQZQpln4V|5he5w2lnU9x7JFhnwcekXX|HUMBLE. (SKRILLEX REMIX)|single|1|2017-09-29|156800|59|2024-07-16 08:36:08.959088
2ePFIvZKMe8zefATp9ofFA|4tZwfgrHOc3mvqYlEYSvVi|Get Lucky (Radio Edit) [feat. Pharrell Williams and Nile Rodgers]|single|1|2013-04-19|248413|72|2024-07-16 08:36:08.959088
2noRn2Aes5aoNVsU6iWThc|4tZwfgrHOc3mvqYlEYSvVi|Discovery|album|14|2001-03-12|3667725|75|2024-07-16 08:36:08.959088
4m2880jivSbbyEGAKfITCa|4tZwfgrHOc3mvqYlEYSvVi|Random Access Memories|album|13|2013-05-20|4477288|74|2024-07-16 08:36:08.959088
5uRdvUR7xCnHmUW8n64n9y|4tZwfgrHOc3mvqYlEYSvVi|Homework|album|16|1997-01-17|4443848|66|2024-07-16 08:36:08.959088
2UJcKiJxNryhL050F5Z1Fk|6olE6TJLqED3rqDCT0FyPh|Nevermind (Remastered)|album|13|1991-09-26|2955423|80|2024-07-16 08:36:08.959088
1KVGLuPtrMrLlyy4Je6df7|6olE6TJLqED3rqDCT0FyPh|Bleach|album|13|1989-06-01|2565651|74|2024-07-16 08:36:08.959088
6ohX7moZZnF1FwYrli1OJ6|6olE6TJLqED3rqDCT0FyPh|In Utero (Deluxe Edition)|album|43|1993-09-21|9151359|74|2024-07-16 08:36:08.959088
7wOOA7l306K8HfBKfPoafr|6olE6TJLqED3rqDCT0FyPh|In Utero|album|12|1993-09-21|2487769|73|2024-07-16 08:36:08.959088
1To7kv722A8SpZF789MZy7|6olE6TJLqED3rqDCT0FyPh|MTV Unplugged In New York|album|14|1994-11-01|3235994|73|2024-07-16 08:36:08.959088
4QLYrQJNjyLWOZmXtmGxUO|1LFGVkNRmXz8jIkyPjaGNL|If You Had My Love|single|1|2021-04-30|174210|54|2024-07-16 08:36:08.959088
0sKp7yEXsbLKD7DOTpQXl9|1LFGVkNRmXz8jIkyPjaGNL|If You Had My Love (Kav Verhouzer Remix)|single|1|2021-09-24|158536|52|2024-07-16 08:36:08.959088
0u8v6tjFwtiVkbt0MwqfrN|1LFGVkNRmXz8jIkyPjaGNL|Oxas|single|1|2013-09-13|301174|44|2024-07-16 08:36:08.959088
1ZA146RN2Cu9HCpDk8PpQK|1LFGVkNRmXz8jIkyPjaGNL|Zonnestraal|single|3|2013|988238|45|2024-07-16 08:36:08.959088
3HeWtnBjK3stbLHFGsAjNe|1LFGVkNRmXz8jIkyPjaGNL|Klanga|single|5|2014-11-28|1525818|42|2024-07-16 08:36:08.959088
0I9m4hIeWxluXgaD5H0SKZ|1LFGVkNRmXz8jIkyPjaGNL|Back In The Day|single|2|2015-11-13|513000|38|2024-07-16 08:36:08.959088
3lV7oEWvHpz2XaBIhdP3g6|1LFGVkNRmXz8jIkyPjaGNL|The Nature Within|album|13|2016-10-14|3099771|32|2024-07-16 08:36:08.959088
17CMB9dTBWrXFhlmIhmZr2|1LFGVkNRmXz8jIkyPjaGNL|Mamacita|single|1|2024-04-04|137333|31|2024-07-16 08:36:08.959088
1Mo4aZ8pdj6L1jx8zSwJnt|1moxjboGR7GNWYIMWsRjgG|THE TORTURED POETS DEPARTMENT|album|16|2024-04-18|3915705|93|2024-07-16 08:36:08.959088
1rLLyY5p6HXNl2lKzINWp5|1moxjboGR7GNWYIMWsRjgG|Lungs (Deluxe Version)|album|20|2009|4079573|76|2024-07-16 08:36:08.959088
3JODIzr9NLL7CMojdUR70g|1moxjboGR7GNWYIMWsRjgG|Ceremonials|album|15|2011|4108032|63|2024-07-16 08:36:08.959088
19J2iqK89BCrNG4El2FRi5|1moxjboGR7GNWYIMWsRjgG|Ceremonials (Original Deluxe Version)|album|24|2011-01-01|6305049|67|2024-07-16 08:36:08.959088
2jn2n5OkuHliOLKCqHnjXV|1moxjboGR7GNWYIMWsRjgG|How Big, How Blue, How Beautiful (Deluxe)|album|16|2015-06-01|4191920|62|2024-07-16 08:36:08.959088
4ohh1zQ4yybSK9FS7LLyDE|1moxjboGR7GNWYIMWsRjgG|Dance Fever|album|14|2022-05-13|2834473|65|2024-07-16 08:36:08.959088
4iqbFIdGOTzXeDtt9owjQn|0iEtIxbK0KxaSlF7G42ZOp|WE DON'T TRUST YOU|album|17|2024-03-22|3587607|90|2024-07-16 08:36:08.959088
0MV1yCXcNNQBfwApqAVkH0|0iEtIxbK0KxaSlF7G42ZOp|Without Warning|album|10|2017-10-30|2009424|79|2024-07-16 08:36:08.959088
7txGsnDSqVMoRl6RQ9XyZP|0iEtIxbK0KxaSlF7G42ZOp|HEROES & VILLAINS|album|15|2022-12-02|2884996|88|2024-07-16 08:36:08.959088
6wTyGUWGCilBFZ837k5aRi|0iEtIxbK0KxaSlF7G42ZOp|SAVAGE MODE II|album|15|2020-10-02|2640651|82|2024-07-16 08:36:08.959088
4X6PQwYWxtGGtKjAfX6wa6|13JJKrUewC1CJYmIDXQNoH|Porfiado|album|12|2012-04-27|2966263|70|2024-07-16 08:36:08.959088
6evTdl2CjuBbkiCaXOKUKW|13JJKrUewC1CJYmIDXQNoH|Raro|album|12|2006-04-12|2702874|65|2024-07-16 08:36:08.959088
4Ay02WMMtEKaySj1mtPTga|13JJKrUewC1CJYmIDXQNoH|Bipolar|album|12|2009-11-17|2758249|62|2024-07-16 08:36:08.959088
1ffZ5xExmmOr15QQzYrXyf|13JJKrUewC1CJYmIDXQNoH|Habla Tu Espejo|album|10|2014-10-06|2388716|60|2024-07-16 08:36:08.959088
4QcXq4vTVN7dFb7bZa9jG2|4sTQVOfp9vEMCemLw50sbu|Pharmacy|album|13|2015-06-05|2970170|69|2024-07-16 08:36:08.959088
7DNmxxEuJe19wNVrinaXx4|4sTQVOfp9vEMCemLw50sbu|The Aviary|album|12|2017-09-15|2425663|64|2024-07-16 08:36:08.959088
5vegvIWwKcdSc8gYfirlgx|4sTQVOfp9vEMCemLw50sbu|Rx|album|14|2024-05-17|2452957|60|2024-07-16 08:36:08.959088
2pgyKAkm9xy1CtxjLusURR|4sTQVOfp9vEMCemLw50sbu|Mountains|single|1|2024-05-10|178619|59|2024-07-16 08:36:08.959088
4wehh0Iq3Z3CBvll9mRHuc|4sTQVOfp9vEMCemLw50sbu|Pretty Low|single|1|2024-06-21|172655|46|2024-07-16 08:36:08.959088
3sG8tSb0NOMsn2nmf8v9KA|4sTQVOfp9vEMCemLw50sbu|Only Honest On The Weekend (Deluxe)|album|23|2022-03-18|4324821|50|2024-07-16 08:36:08.959088
3N6fadaHlhGxflLKYSDSoU|4sTQVOfp9vEMCemLw50sbu|Church|album|14|2020-02-07|2735503|51|2024-07-16 08:36:08.959088
3kjHLu1pL7tdY88GFwEkl6|7dGJo4pcD2V6oG8kP0tJRR|The Death of Slim Shady (Coup De Grâce)|album|19|2024-07-12|3877111|90|2024-07-16 08:36:08.959088
2cWBwpqMsDJC1ZUwz813lo|7dGJo4pcD2V6oG8kP0tJRR|The Eminem Show|album|20|2002-05-26|4650514|87|2024-07-16 08:36:08.959088
1kTlYbs28MXw7hwO0NLYif|7dGJo4pcD2V6oG8kP0tJRR|Encore (Deluxe Version)|album|23|2004-11-12|5355633|81|2024-07-16 08:36:08.959088
6t7956yu5zYf5A829XRiHC|7dGJo4pcD2V6oG8kP0tJRR|The Marshall Mathers LP|album|18|2000-05-23|4336995|83|2024-07-16 08:36:08.959088
5qENHeCSlwWpEzb25peRmQ|7dGJo4pcD2V6oG8kP0tJRR|Curtain Call: The Hits (Deluxe Edition)|compilation|24|2005-12-06|6664940|74|2024-07-16 08:36:08.959088
47BiFcV59TQi2s9SkBo2pb|7dGJo4pcD2V6oG8kP0tJRR|Recovery|album|17|2010-06-18|4624221|81|2024-07-16 08:36:08.959088
4otkd9As6YaxxEkIjXPiZ6|7dGJo4pcD2V6oG8kP0tJRR|Music To Be Murdered By|album|20|2020-01-17|3873620|77|2024-07-16 08:36:08.959088
26IdRjba8f8DNa7c0FwfQb|4gOc8TsQed9eqnqJct2c5v|ALL OUT|single|5|2020-11-06|978338|64|2024-07-16 08:36:08.959088
0UnBZ8laFgLUq5Ty5vbikQ|4gOc8TsQed9eqnqJct2c5v|POP/STARS|single|1|2018-11-03|191100|60|2024-07-16 08:36:08.959088
23yd1cYlPgl643vE8bb0WD|4gOc8TsQed9eqnqJct2c5v|MORE|single|1|2020-10-28|217088|57|2024-07-16 08:36:08.959088
7C8nskYbHG7N0LDrNVvt7x|4gOc8TsQed9eqnqJct2c5v|THE BADDEST|single|1|2020-08-27|162600|55|2024-07-16 08:36:08.959088
3FJydX4zwGGNIwlcPlxrYt|6urkHDoIVO1WO8vNIwcJmM|Ten$ion|album|13|2012-01-31|2333969|60|2024-07-16 08:36:08.959088
4FrKhXf6FmfUjTy2fPcmiI|6urkHDoIVO1WO8vNIwcJmM|Mount Ninji And Da Nice Time Kid|album|16|2016-09-16|3251598|55|2024-07-16 08:36:08.959088
5eqhQF3HIVdgwfotwNPMFK|6urkHDoIVO1WO8vNIwcJmM|Donker Mag|album|16|2014-06-03|2998002|57|2024-07-16 08:36:08.959088
7Ja0MmZhnVdFjs5QOPj1lj|6urkHDoIVO1WO8vNIwcJmM|$O$|album|11|2010-01-01|3235342|49|2024-07-16 08:36:08.959088
6jMHFzRjVcaexaOeSghOhk|6urkHDoIVO1WO8vNIwcJmM|Everything is Perfect|single|1|2024-03-27|286628|39|2024-07-16 08:36:08.959088
2Y9IRtehByVkegoD7TcLfi|0L8ExT028jH3ddEcZwqJJ5|Californication (Deluxe Edition)|album|18|1999-06-08|4075600|83|2024-07-16 08:36:08.959088
6deiaArbeoqp1xPEGdEKp1|0L8ExT028jH3ddEcZwqJJ5|By the Way (Deluxe Edition)|album|18|2002-07-09|4592326|80|2024-07-16 08:36:08.959088
30Perjew8HyGkdSmqguYyg|0L8ExT028jH3ddEcZwqJJ5|Blood Sugar Sex Magik (Deluxe Edition)|album|19|1991-09-24|4792767|78|2024-07-16 08:36:08.959088
7xl50xr9NDkd3i2kBbzsNZ|0L8ExT028jH3ddEcZwqJJ5|Stadium Arcadium|album|29|2006-05-09|9103257|78|2024-07-16 08:36:08.959088
43otFXrY0bgaq5fB3GrZj6|0L8ExT028jH3ddEcZwqJJ5|The Getaway|album|13|2016-06-17|3227384|69|2024-07-16 08:36:08.959088
5Y9i4ZFAG2GM7ugIM916dY|6aJRwrwfOffz7RMh2Cfm8e|Ghosts|single|1|2016-02-05|215050|47|2024-07-16 08:36:08.959088
5w5Ass5RLtV56bCV6bmHvR|6aJRwrwfOffz7RMh2Cfm8e|Rhythm of the Night|single|1|2017-09-29|159384|38|2024-07-16 08:36:08.959088
2dxaM8v9ePtEClr7KiJl8z|6aJRwrwfOffz7RMh2Cfm8e|Ghost Boy|single|1|2021-01-15|207612|37|2024-07-16 08:36:08.959088
39jbeGXbsGq07O1ZOKPEWp|6aJRwrwfOffz7RMh2Cfm8e|Blinding Lights|single|1|2021-08-27|187775|34|2024-07-16 08:36:08.959088
3nc54wenXtG9aMuie1mCB1|6aJRwrwfOffz7RMh2Cfm8e|Heartless|single|1|2016-06-05|184812|34|2024-07-16 08:36:08.959088
4QbpOvQJ3vwtC7DUCOhxqe|6aJRwrwfOffz7RMh2Cfm8e|Caffeine Rush|single|1|2016-02-16|156084|32|2024-07-16 08:36:08.959088
4tyCsULyDybFPYAlQ02DvK|6aJRwrwfOffz7RMh2Cfm8e|Flowers (RudeLies Remix)|single|1|2019-09-13|175238|29|2024-07-16 08:36:08.959088
6LIH8eD8t7ZGsEXD2RtCfP|6aJRwrwfOffz7RMh2Cfm8e|Three Trees|single|1|2019-05-03|185005|29|2024-07-16 08:36:08.959088
1RwJkenlm4eN0SIYs71FT1|6aJRwrwfOffz7RMh2Cfm8e|Fade Away (Deaf Kev Remix)|single|1|2015-10-18|307211|28|2024-07-16 08:36:08.959088
5Nvm07HORQgpzvy5sNyUDp|6aJRwrwfOffz7RMh2Cfm8e|Crossed the Line|single|1|2020-02-03|183276|27|2024-07-16 08:36:08.959088
6hPkbAV3ZXpGZBGUvL6jVM|6XyY86QOPPrYVGvF9ch6wz|Hybrid Theory (Bonus Edition)|album|15|2000|2948663|85|2024-07-16 08:36:08.959088
4Gfnly5CzMJQqkUFfoHaP3|6XyY86QOPPrYVGvF9ch6wz|Meteora|album|13|2003-09-16|2201115|81|2024-07-16 08:36:08.959088
2tlTBLz2w52rpGCLBGyGw6|6XyY86QOPPrYVGvF9ch6wz|Minutes to Midnight|album|12|2007-05-14|2609008|79|2024-07-16 08:36:08.959088
4lhyg7YGQagE8FT8cZBqyw|6XyY86QOPPrYVGvF9ch6wz|Numb / Encore: MTV Ultimate Mash-Ups Presents Collision Course|single|6|2004-11-30|1120092|70|2024-07-16 08:36:08.959088
0f7R0jf0pcTb6K6IVVPcMD|6XyY86QOPPrYVGvF9ch6wz|Meteora (Bonus Edition)|album|16|2003-09-16|2764034|76|2024-07-16 08:36:08.959088
7kHjcTey5ZAewZLWtuCqzK|3wrFoI9EVjWg6m8xXeWr5t|UNDEFEATED|single|1|2024-04-12|173105|60|2024-07-16 08:36:08.959088
4O7Fn6jEB5xN1HXjMALCHp|3wrFoI9EVjWg6m8xXeWr5t|Die For You|single|1|2021-11-22|212926|58|2024-07-16 08:36:08.959088
2CNm7QxoOSkqawLMnoepZB|3wrFoI9EVjWg6m8xXeWr5t|Ticking Away|single|1|2023-07-31|205270|57|2024-07-16 08:36:08.959088
6GLcfMMmFXrfk9ydAjeLop|3wrFoI9EVjWg6m8xXeWr5t|>one (greater than one)|single|1|2023-03-04|130666|53|2024-07-16 08:36:08.959088
0RKIC2QUL8WkDMWWQy3szr|3wrFoI9EVjWg6m8xXeWr5t|2WORLDS|single|1|2024-03-24|149333|52|2024-07-16 08:36:08.959088
0Bogv4hsRXT5D2XZEjn7AC|3wrFoI9EVjWg6m8xXeWr5t|Fire Again|single|1|2022-08-22|206776|51|2024-07-16 08:36:08.959088
3ENg6khFJ0dovkN3kz61KX|3wrFoI9EVjWg6m8xXeWr5t|VISIONS|single|1|2023-01-05|225142|47|2024-07-16 08:36:08.959088
0KcTPJHY7Icv9WYHXmcun1|3wrFoI9EVjWg6m8xXeWr5t|VALORANT / Can′t Slow Me Down|single|1|2022-02-15|138960|47|2024-07-16 08:36:08.959088
4RH3HIiMz1Cq16Dw8SDHAy|3wrFoI9EVjWg6m8xXeWr5t|MYTH.mix|single|3|2023-10-19|519495|48|2024-07-16 08:36:08.959088
6LJxZqBmT4zPDvUch3AnoH|3wrFoI9EVjWg6m8xXeWr5t|Villain (Take the Shot)|single|1|2024-05-03|189368|44|2024-07-16 08:36:08.959088
6U4ZmwVyOh7EAwIxXK2Ici|7MqnCTCAX6SsIYYdJCQj9B|Voodoo People / Out of Space|single|3|2005-10-03|945265|52|2024-07-16 08:36:08.959088
3XtEGVx9uh7J46nBzEc1VS|7MqnCTCAX6SsIYYdJCQj9B|Immersion|album|15|2010-05-21|4045821|61|2024-07-16 08:36:08.959088
5wHNla8BT8KcqMhAbvqoPU|7MqnCTCAX6SsIYYdJCQj9B|Hold Your Colour|album|14|2007-05-19|4424956|56|2024-07-16 08:36:08.959088
6eRDE48ttoLqN2VfkEpPOJ|7MqnCTCAX6SsIYYdJCQj9B|In Silico|album|10|2008-05-09|3487210|54|2024-07-16 08:36:08.959088
4f9UGlRncIgchuFWcMhkef|7MqnCTCAX6SsIYYdJCQj9B|Halo|single|1|2023-06-02|167993|48|2024-07-16 08:36:08.959088
7kbCCMwXxLWQYevRcGtR3U|7MqnCTCAX6SsIYYdJCQj9B|Elemental|single|4|2021-06-17|858438|49|2024-07-16 08:36:08.959088
2KZKR8bLDZPUxOE6JhTh4X|2DuJi13MWHjRHrqRUwk8vH|Rage Valley|single|4|2012|1091329|54|2024-07-16 08:36:08.959088
2Ha5B3dapothPfMP9gWvQB|2DuJi13MWHjRHrqRUwk8vH|100% No Modern Talking|single|4|2012-08-01|1192971|49|2024-07-16 08:36:08.959088
774xaOL4PAAtvHkyPWRikH|2DuJi13MWHjRHrqRUwk8vH|Antidote|single|5|2011-12-16|1646514|41|2024-07-16 08:36:08.959088
4nJ76bL34FuDPuFHafIJFm|2DuJi13MWHjRHrqRUwk8vH|Abandon Ship|album|12|2014-10-27|3390890|42|2024-07-16 08:36:08.959088
1YhwGzFBdDAR1OA9644LK9|2DuJi13MWHjRHrqRUwk8vH|Haunted House|single|4|2013-05-06|1140009|44|2024-07-16 08:36:08.959088
3sRyLQf04m9vm40JNRFiCl|4q3ewBCX7sLwd24euuV69X|ADIVINO|single|1|2024-04-25|278644|81|2024-07-16 08:36:08.959088
4FftCsAcXXD1nFO9RFUNFO|4q3ewBCX7sLwd24euuV69X|nadie sabe lo que va a pasar mañana|album|22|2023-10-13|4888970|88|2024-07-16 08:36:08.959088
3RQQmkQEvNCY4prGKE6oc5|4q3ewBCX7sLwd24euuV69X|Un Verano Sin Ti|album|23|2022-05-06|4911162|92|2024-07-16 08:36:08.959088
6ylFfzx32ICw4L1A7YWNLN|4q3ewBCX7sLwd24euuV69X|OASIS|album|8|2019-06-28|1866504|80|2024-07-16 08:36:08.959088
5i9lMMUZ1QZNsLEE3j50kT|4q3ewBCX7sLwd24euuV69X|El Comienzo|album|12|2023-08-25|2086182|85|2024-07-16 08:36:08.959088
2d9BCZeAAhiZWPpbX9aPCW|4q3ewBCX7sLwd24euuV69X|EL ÚLTIMO TOUR DEL MUNDO|album|16|2020-11-27|2839999|81|2024-07-16 08:36:08.959088
4Rx0nQkh5sR1O0Z8lBgig9|2R21vXR83lH98kGeO99Y66|BBY BOO (REMIX)|single|3|2024-03-27|711092|75|2024-07-16 08:36:08.959088
464FQ8gr0oKlQ1a0TCK4Yj|2R21vXR83lH98kGeO99Y66|Amanece|single|1|2018-12-14|190004|73|2024-07-16 08:36:08.959088
6YpCug9vNZz4uvlmlU7cet|2R21vXR83lH98kGeO99Y66|OA|single|1|2023-10-13|235200|70|2024-07-16 08:36:08.959088
4WfHOJYS5nbp2bY4crOJUY|2R21vXR83lH98kGeO99Y66|Razones|single|1|2024-06-27|222727|66|2024-07-16 08:36:08.959088
7JtT7OyWM8BnIS5FXXPMKg|2R21vXR83lH98kGeO99Y66|Emmanuel|album|22|2020-05-29|5322136|74|2024-07-16 08:36:08.959088
1FyZ8Mho4TRJ9oR0IrE23P|2R21vXR83lH98kGeO99Y66|WYA REMIX BLACK AND YELLOW (feat. iZaak & Pirlo)|single|1|2024-06-21|390545|67|2024-07-16 08:36:08.959088
3nEa7WJXcruywRIZXu6qRE|2R21vXR83lH98kGeO99Y66|Cosmo|album|15|2023-11-17|2701330|69|2024-07-16 08:36:08.959088
58NQUIHQRJnXyBUeGtG8KG|2R21vXR83lH98kGeO99Y66|Ella Quiere Beber (Remix)|single|1|2018-11-02|219357|67|2024-07-16 08:36:08.959088
7nqA49hzXJWPH4cnM8nk6x|2R21vXR83lH98kGeO99Y66|Adicto (with Anuel AA & Ozuna)|single|1|2019-08-22|270740|66|2024-07-16 08:36:08.959088
2uZgEjcV233xNRmvqvQyup|0M2HHtY3OOQzIZxrHkbJLT|MOON E.P.|single|4|2011-11-27|1212659|46|2024-07-16 08:36:08.959088
3abxvJVn04QbKlIiL28YTa|0M2HHtY3OOQzIZxrHkbJLT|Particles E.P.|single|4|2012-09-01|1501706|40|2024-07-16 08:36:08.959088
3DiM1jUknWggjf70F5nZJr|0M2HHtY3OOQzIZxrHkbJLT|Quixotic|single|1|2013-10-28|345762|33|2024-07-16 08:36:08.959088
0i7uCXTDefj9D30hF5MHZU|0M2HHtY3OOQzIZxrHkbJLT|Clinically Blasé|album|10|2017-05-05|2594648|29|2024-07-16 08:36:08.959088
1wA1XDWTspK5ihTP63Jhtk|1MP09zUMR59XDHNun4i351|Sonidos del Sistema: Electropical|album|18|2007-07-28|4251553|26|2024-07-16 08:36:08.959088
67tdTYHgzWVwnGYwefTgN6|1MP09zUMR59XDHNun4i351|Millonarios del Alma|album|12|2015-07-28|3086582|22|2024-07-16 08:36:08.959088
3ubqsPkPXvWkNyrH6mTOkf|1MP09zUMR59XDHNun4i351|Música|album|14|2012-07-28|3682048|19|2024-07-16 08:36:08.959088
3ZIdUsYnaesyONxsEgLNX5|1MP09zUMR59XDHNun4i351|Para los Muertos y los Vivientes (Sonidos del Sistema)|album|16|2009-07-28|4489382|21|2024-07-16 08:36:08.959088
13topfW33NjnACjnRiZBX7|2xiIXseIJcq3nG7C8fHeBj|Three Days Grace|album|12|2003-04-19|2638863|71|2024-07-16 08:36:08.959088
4ZDwEvXIKxWdwhAQK8ndBU|2xiIXseIJcq3nG7C8fHeBj|One-X|album|12|2006-06-25|2623809|74|2024-07-16 08:36:08.959088
0YkHsU3Mblh7jvNngbV20W|2xiIXseIJcq3nG7C8fHeBj|Human|album|12|2015-03-27|2373530|66|2024-07-16 08:36:08.959088
0vv1zKShlm7WuawEup5Mf4|2xiIXseIJcq3nG7C8fHeBj|Life Starts Now|album|12|2009-09-22|2614156|65|2024-07-16 08:36:08.959088
1lkFkREX3uG9aHhOsfeeu9|3FRWDHyo1pZx7AFN6DAavS|Pokemon Riot|single|1|2016-08-05|246918|16|2024-07-16 08:36:08.959088
4lftflW02EWpRU6g9d968c|3FRWDHyo1pZx7AFN6DAavS|Trip|album|11|2019-03-01|2922701|1|2024-07-16 08:36:08.959088
3iL7sfGQeXOcNMNnHDrmTc|3FRWDHyo1pZx7AFN6DAavS|Fearless|single|1|2016-09-09|253807|11|2024-07-16 08:36:08.959088
3ZrVSx5gGx5LZ1cVRZ4gCq|3FRWDHyo1pZx7AFN6DAavS|Truecolor Alchemist|single|1|2015-09-18|277529|11|2024-07-16 08:36:08.959088
4NSu11iL1R0Evb4pahFSrH|3FRWDHyo1pZx7AFN6DAavS|Vivant|single|1|2016-01-26|255014|8|2024-07-16 08:36:08.959088
0iHgFkfYe3VOxzg5euNQOT|3FRWDHyo1pZx7AFN6DAavS|Wubbles|single|1|2015-11-15|255197|8|2024-07-16 08:36:08.959088
7JSBmL115qaZvl0wvlz0Ww|3FRWDHyo1pZx7AFN6DAavS|Dance Machine|single|1|2016-05-07|304673|7|2024-07-16 08:36:08.959088
7mKBnGGZCRybUTZ5P9TIAn|3FRWDHyo1pZx7AFN6DAavS|Our Way|single|1|2015-08-21|216572|5|2024-07-16 08:36:08.959088
07ibYrQalw96ZRAmqyatsY|3FRWDHyo1pZx7AFN6DAavS|Nice Shot!|single|1|2016-05-24|234490|3|2024-07-16 08:36:08.959088
3Sr5Wo94nBXnsCKqiWhe5d|3FRWDHyo1pZx7AFN6DAavS|Sonder|single|1|2015-12-20|222735|2|2024-07-16 08:36:08.959088
7grtCFCNufBOiKZJuGDC6k|2vpCOy0TgMvwkqciNZhKPB|Amor y Resistencia|album|11|2018-04-26|2161428|22|2024-07-16 08:36:08.959088
0RgJiRKctFFArVS8oGh1L7|2vpCOy0TgMvwkqciNZhKPB|Vitamina Inka|album|12|2016-04-03|2486134|19|2024-07-16 08:36:08.959088
69fMeM1F2eMqMkvjrWJyXU|2vpCOy0TgMvwkqciNZhKPB|Súbele a la Radio|album|10|2011-04-04|2574037|18|2024-07-16 08:36:08.959088
2H6i2CrWgXE1HookLu8Au0|1vCWHaC5f2uS3yhpwWbIA6|True|album|10|2013-01-01|2820476|81|2024-07-16 08:36:08.959088
0h2knr6qpiAq0tV5ri5JMF|1vCWHaC5f2uS3yhpwWbIA6|The Days / Nights|album|4|2014-01-01|892099|77|2024-07-16 08:36:08.959088
7dqftJ3kas6D0VAdmt3k3V|1vCWHaC5f2uS3yhpwWbIA6|Stories|album|14|2015-10-02|3280288|73|2024-07-16 08:36:08.959088
1OEGfToF7QbjUgyxMAnGXg|1vCWHaC5f2uS3yhpwWbIA6|Levels|single|4|2011-10-28|1076464|72|2024-07-16 08:36:08.959088
1m3mf7xkXIwssVriaaTjOS|1vCWHaC5f2uS3yhpwWbIA6|AVĪCI (01)|single|6|2017-08-10|1073498|72|2024-07-16 08:36:08.959088
0sOrbRnJcNod63r49kmGVb|1vCWHaC5f2uS3yhpwWbIA6|I Could Be The One [Avicii vs Nicky Romero]|single|5|2012-12-26|1896712|61|2024-07-16 08:36:08.959088
6Ad1E9vl75ZB3Ir87zwXIJ|1vCWHaC5f2uS3yhpwWbIA6|TIM|album|12|2019-06-06|2338652|68|2024-07-16 08:36:08.959088
4rG0MhkU6UojACJxkMHIXB|0TnOYISbd1XYRBk9myaseg|Planet Pit (Deluxe Version)|album|16|2011-06-17|3403316|82|2024-07-16 08:36:08.959088
2F7tejLHzTqFq2XLol9ZGy|0TnOYISbd1XYRBk9myaseg|Global Warming: Meltdown (Deluxe Version)|album|17|2012|3469731|79|2024-07-16 08:36:08.959088
4EUf4YyNjuXypWY6W5wEDm|0TnOYISbd1XYRBk9myaseg|Globalization|album|11|2014-11-21|2332092|80|2024-07-16 08:36:08.959088
4RaAjieYFIZRF8uh6GY43r|0TnOYISbd1XYRBk9myaseg|Pitbull Starring In Rebelution|album|14|2009-08-27|2857183|68|2024-07-16 08:36:08.959088
